repo,name,language,compatibility,spark_version,latest_date,ts,file,dataset,upstream_deps,model_class,dataset_info,labels,reference_url,author,tags,license,edition,inputs,output,dimension,description,demo_url,download_url,included_models,type,colab_url,case_sensitive,title
clinical/models,assertion_dl,en,2.4.0,2.4,2020-01-28,1580237286004,assertion_dl_en_2.4.0_2.4_1580237286004.zip,s3,embeddings_clinical,AssertionDLModel,"Trained on 2010 i2b2/VA challenge on concepts, assertions, and relations in clinical text with `embeddings_clinical`","hypothetical, present, absent, possible, conditional, associated_with_someone_else",https://portal.dbmi.hms.harvard.edu/projects/n2c2-nlp/,John Snow Labs,"clinical,assertion,dl,n2c2",Licensed ,Healthcare,"document, chunk, word_embeddings",assertion,,"Deep learning named entity recognition model for assertions. The SparkNLP deep learning model (NerDL) is inspired by a former state of the art model for NER: Chiu & Nicols, Named Entity Recognition with Bidirectional LSTM,CNN.",,https://s3.amazonaws.com/auxdata.johnsnowlabs.com/clinical/models/assertion_dl_en_2.4.0_2.4_1580237286004.zip,,ner,https://github.com/JohnSnowLabs/spark-nlp-workshop/blob/master/tutorials/Certification_Trainings/Healthcare/2.Clinical_Assertion_Model.ipynb,False,Assertion DL
clinical/models,assertion_dl_healthcare,en,2.6.0,2.4,2020-09-23,1600849811713,assertion_dl_healthcare_en_2.6.0_2.4_1600849811713.zip,s3,,,,,,,,Licensed ,,,,,,,,,,,,
clinical/models,assertion_dl_large,en,2.4.2,2.4,2020-05-21,1590022282256,assertion_dl_large_en_2.4.2_2.4_1590022282256.zip,s3,embeddings_clinical,AssertionDLModel,"Trained on 2010 i2b2/VA challenge on concepts, assertions, and relations in clinical text with `embeddings_clinical`","hypothetical, present, absent, possible, conditional, associated_with_someone_else",https://portal.dbmi.hms.harvard.edu/projects/n2c2-nlp/,John Snow Labs,"clinical,assertion,dl,n2c2",Licensed ,Healthcare,"document, chunk, word_embeddings",assertion,,"Deep learning named entity recognition model for assertions. The SparkNLP deep learning model (NerDL) is inspired by a former state of the art model for NER: Chiu & Nicols, Named Entity Recognition with Bidirectional LSTM,CNN.",,https://s3.amazonaws.com/auxdata.johnsnowlabs.com/clinical/models/assertion_dl_large_en_2.5.0_2.4_1590022282256.zip,,ner,https://github.com/JohnSnowLabs/spark-nlp-workshop/blob/master/tutorials/Certification_Trainings/Healthcare/2.Clinical_Assertion_Model.ipynb,False,Assertion DL Large
clinical/models,assertion_i2b2,en,2.4.2,2.4,2020-05-07,1588811895962,assertion_i2b2_en_2.4.2_2.4_1588811895962.zip,s3,,,,,,,,Licensed ,,,,,,,,,,,,
clinical/models,assertion_ml,en,2.4.0,2.4,2020-01-28,1580237286004,assertion_ml_en_2.4.0_2.4_1580237286004.zip,s3,embeddings_clinical,AssertionLogRegModel,"Trained on 2010 i2b2/VA challenge on concepts, assertions, and relations in clinical text with `embeddings_clinical`","hypothetical, present, absent, possible, conditional, associated_with_someone_else",https://portal.dbmi.hms.harvard.edu/projects/n2c2-nlp/,John Snow Labs,"clinical,assertion,dl,n2c2",Licensed ,Healthcare,"document, chunk, word_embeddings",assertion,,Logistic regression based named entity recognition model for assertions.,,https://s3.amazonaws.com/auxdata.johnsnowlabs.com/clinical/models/assertion_dl_large_en_2.5.0_2.4_1590022282256.zip,,ner,https://github.com/JohnSnowLabs/spark-nlp-workshop/blob/master/tutorials/Certification_Trainings/Healthcare/2.Clinical_Assertion_Model.ipynb,False,Assertion ML
clinical/models,biobert_clinical_base_cased,en,2.5.0,2.4,2020-05-26,1590489819943,biobert_clinical_base_cased_en_2.5.0_2.4_1590489819943.zip,s3,,BertEmbeddings,,,,John Snow Labs,"clinical,relation,extraction,temporal",Licensed ,Healthcare,"document, sentence, token",word_embeddings,,,,,,,,,
clinical/models,biobert_discharge_base_cased,en,2.5.0,2.4,2020-05-26,1590490193605,biobert_discharge_base_cased_en_2.5.0_2.4_1590490193605.zip,s3,,BertEmbeddings,,,,John Snow Labs,"clinical,relation,extraction,temporal",Licensed ,Healthcare,"document, sentence, token",word_embeddings,,,,,,,,,
clinical/models,biobert_pmc_base_cased,en,2.5.0,2.4,2020-05-26,1590489029151,biobert_pmc_base_cased_en_2.5.0_2.4_1590489029151.zip,s3,,BertEmbeddings,,,,John Snow Labs,"clinical,relation,extraction,temporal",Licensed ,Healthcare,"document, sentence, token",word_embeddings,,,,,,,,,
clinical/models,biobert_pubmed_base_cased,en,2.5.0,2.4,2020-09-15,1600182457870,biobert_pubmed_base_cased_en_2.5.0_2.4_1600182457870.zip,s3,,BertEmbeddings,,,,John Snow Labs,"clinical,relation,extraction,temporal",Licensed ,Healthcare,"document, sentence, token",word_embeddings,,,,,,,,,
clinical/models,biobert_pubmed_large_cased,en,2.5.0,2.4,2020-09-16,1600240494946,biobert_pubmed_large_cased_en_2.5.0_2.4_1600240494946.zip,s3,,BertEmbeddings,,,,John Snow Labs,"clinical,relation,extraction,temporal",Licensed ,Healthcare,"document, sentence, token",word_embeddings,,,,,,,,,
clinical/models,biobert_pubmed_pmc_base_cased,en,2.5.0,2.4,2020-05-26,1590489367180,biobert_pubmed_pmc_base_cased_en_2.5.0_2.4_1590489367180.zip,s3,,BertEmbeddings,,,,John Snow Labs,"clinical,relation,extraction,temporal",Licensed ,Healthcare,"document, sentence, token",word_embeddings,,,,,,,,,
clinical/models,chunkresolve_ICD10GM,de,2.5.5,2.4,2020-09-06,1599431635423,chunkresolve_ICD10GM_de_2.5.5_2.4_1599431635423.zip,s3,,ChunkEntityResolverModel,,,,,,Licensed ,,,,,,,,,,,,
clinical/models,chunkresolve_athena_conditions_healthcare,en,2.6.0,2.4,2020-09-16,1600265258887,chunkresolve_athena_conditions_healthcare_en_2.6.0_2.4_1600265258887.zip,s3,,ChunkEntityResolverModel,,,,,,Licensed ,,,,,,,,,,,,
clinical/models,chunkresolve_cpt_clinical,en,2.4.2,2.4,2020-04-21,1587491373378,chunkresolve_cpt_clinical_en_2.4.2_2.4_1587491373378.zip,s3,embeddings_clinical,ChunkEntityResolverModel,Trained on Current Procedural Terminology dataset,,,John Snow Labs,"clinical,entity,resolution,cpt",Licensed ,Healthcare,"token, chunk_embeddings",entity,,,,,,,,,
clinical/models,chunkresolve_icd10cm_clinical,en,2.4.2,2.4,2020-04-21,1587491222166,chunkresolve_icd10cm_clinical_en_2.4.2_2.4_1587491222166.zip,s3,embeddings_clinical,ChunkEntityResolverModel,Trained on ICD10 Clinical Modification datasetwith tenths of variations per code,ICD10-CM Codes and their normalized definition,https://www.icd10data.com/ICD10CM/Codes/,John Snow Labs,"clinical,entity,resolution,icd10,icd10cm",Licensed ,Healthcare,"token, chunk_embeddings",entity,,,,,,,,,
clinical/models,chunkresolve_icd10cm_diseases_clinical,en,2.4.5,2.4,2020-04-28,1588105984876,chunkresolve_icd10cm_diseases_clinical_en_2.4.5_2.4_1588105984876.zip,s3,embeddings_clinical,ChunkEntityResolverModel,Trained on ICD10CM Dataset Range: A000-N989 Except Neoplasms and Musculoskeletal,ICD10-CM Codes and their normalized definition,https://www.icd10data.com/ICD10CM/Codes/,John Snow Labs,"clinical,entity,resolution,icd10,icd10cm,diseases",Licensed ,Healthcare,"token, chunk_embeddings",entity,,,,,,,,,
clinical/models,chunkresolve_icd10cm_injuries_clinical,en,2.4.5,2.4,2020-04-28,1588103825347,chunkresolve_icd10cm_injuries_clinical_en_2.4.5_2.4_1588103825347.zip,s3,embeddings_clinical,ChunkEntityResolverModel,Trained on ICD10CM Dataset Range: S0000XA-S98929S ,ICD10-CM Codes and their normalized definition,https://www.icd10data.com/ICD10CM/Codes/S00-T88,John Snow Labs,"clinical,entity,resolution,icd10,icd10cm,injuries",Licensed ,Healthcare,"token, chunk_embeddings",entity,,,,,,,,,
clinical/models,chunkresolve_icd10cm_musculoskeletal_clinical,en,2.4.5,2.4,2020-04-28,1588103998999,chunkresolve_icd10cm_musculoskeletal_clinical_en_2.4.5_2.4_1588103998999.zip,s3,embeddings_clinical,ChunkEntityResolverModel,Trained on ICD10CM Dataset Range: M0000-M9979XXS,ICD10-CM Codes and their normalized definition,https://www.icd10data.com/ICD10CM/Codes/M00-M99,John Snow Labs,"clinical,entity,resolution,icd10,icd10cm,musculoeskeletal",Licensed ,Healthcare,"token, chunk_embeddings",entity,,,,,,,,,
clinical/models,chunkresolve_icd10cm_neoplasms_clinical,en,2.4.5,2.4,2020-04-28,1588108205630,chunkresolve_icd10cm_neoplasms_clinical_en_2.4.5_2.4_1588108205630.zip,s3,embeddings_clinical,ChunkEntityResolverModel,"Trained on ICD10CM Dataset Ranges: C000-D489, R590-R599",ICD10-CM Codes and their normalized definition,https://www.icd10data.com/ICD10CM/Codes/C00-D49,John Snow Labs,"clinical,entity,resolution,icd10,icd10cm,neoplasms",Licensed ,Healthcare,"token, chunk_embeddings",entity,,,,,,,,,
clinical/models,chunkresolve_icd10cm_poison_ext_clinical,en,2.4.5,2.4,2020-04-28,1588106053455,chunkresolve_icd10cm_poison_ext_clinical_en_2.4.5_2.4_1588106053455.zip,s3,embeddings_clinical,ChunkEntityResolverModel,Trained on ICD10CM Dataset Range: T1500XA-T879,ICD10-CM Codes and their normalized definition,https://www.icd10data.com/ICD10CM/Codes/S00-T88,John Snow Labs,"clinical,entity,resolution,icd10,icd10cm,poisoning",Licensed ,Healthcare,"token, chunk_embeddings",entity,,,,,,,,,
clinical/models,chunkresolve_icd10cm_puerile_clinical,en,2.4.5,2.4,2020-04-28,1588103916781,chunkresolve_icd10cm_puerile_clinical_en_2.4.5_2.4_1588103916781.zip,s3,embeddings_clinical,ChunkEntityResolverModel,Trained on ICD10CM Dataset Range: O0000-O9989,ICD10-CM Codes and their normalized definition,https://www.icd10data.com/ICD10CM/Codes/O00-O9A,John Snow Labs,"clinical,entity,resolution,icd10,icd10cm,pregnancy,infancy",Licensed ,Healthcare,"token, chunk_embeddings",entity,,,,,,,,,
clinical/models,chunkresolve_icd10pcs_clinical,en,2.4.2,2.4,2020-04-21,1587491320087,chunkresolve_icd10pcs_clinical_en_2.4.2_2.4_1587491320087.zip,s3,embeddings_clinical,ChunkEntityResolverModel,Trained on ICD10 Procedure Coding System dataset,ICD10-PCS Codes and their normalized definition,https://www.icd10data.com/ICD10PCS/Codes,John Snow Labs,"clinical,entity,resolution,icd10,icd10pcs",Licensed ,Healthcare,"token, chunk_embeddings",entity,,,,,,,,,
clinical/models,chunkresolve_icdo_clinical,en,2.4.2,2.4,2020-04-21,1587491354644,chunkresolve_icdo_clinical_en_2.4.2_2.4_1587491354644.zip,s3,embeddings_clinical,ChunkEntityResolverModel,Trained on ICD-O Histology Behaviour dataset,ICD-O Codes and their normalized definition,https://apps.who.int/iris/bitstream/handle/10665/96612/9789241548496_eng.pdf,John Snow Labs,"clinical,entity,resolution,icd10,icdo",Licensed ,Healthcare,"token, chunk_embeddings",entity,,,,,,,,,
clinical/models,chunkresolve_loinc_clinical,en,2.5.0,2.4,2020-05-16,1589599195201,chunkresolve_loinc_clinical_en_2.5.0_2.4_1589599195201.zip,s3,embeddings_clinical,ChunkEntityResolverModel,Trained on LOINC dataset with `embeddings_clinical`,LOINC Codes and ther Standard Name,https://loinc.org/,John Snow Labs,"clinical,entity,resolution,loinc",Licensed ,Healthcare,"token, chunk_embeddings",entity,,,,,,,,,
clinical/models,chunkresolve_rxnorm_cd_clinical,en,2.5.1,2.4,2020-07-27,1595813950836,chunkresolve_rxnorm_cd_clinical_en_2.5.1_2.4_1595813950836.zip,s3,embeddings_clinical,ChunkEntityResolverModel,Trained on December 2019 RxNorm Clinical Drugs (TTY=CD) ontology graph with `embeddings_clinical`,RxNorm Codes and their normalized definition,https://www.nlm.nih.gov/pubs/techbull/nd19/brief/nd19_rxnorm_december_2019_release.html,John Snow Labs,"clinical,entity,resolution,rxnorm,cd",Licensed ,Healthcare,"token, chunk_embeddings",entity,,,,,,,,,
clinical/models,chunkresolve_rxnorm_sbd_clinical,en,2.5.1,2.4,2020-07-27,1595813912622,chunkresolve_rxnorm_sbd_clinical_en_2.5.1_2.4_1595813912622.zip,s3,embeddings_clinical,ChunkEntityResolverModel,Trained on December 2019 RxNorm Clinical Drugs (TTY=SBD) ontology graph with `embeddings_clinical`,RxNorm Codes and their normalized definition,https://www.nlm.nih.gov/pubs/techbull/nd19/brief/nd19_rxnorm_december_2019_release.html,John Snow Labs,"clinical,entity,resolution,rxnorm,sbd",Licensed ,Healthcare,"token, chunk_embeddings",entity,,,,,,,,,
clinical/models,chunkresolve_rxnorm_scd_clinical,en,2.5.1,2.4,2020-07-27,1595813884363,chunkresolve_rxnorm_scd_clinical_en_2.5.1_2.4_1595813884363.zip,s3,embeddings_clinical,ChunkEntityResolverModel,Trained on December 2019 RxNorm Clinical Drugs (TTY=SCD) ontology graph with `embeddings_clinical`,RxNorm Codes and their normalized definition,https://www.nlm.nih.gov/pubs/techbull/nd19/brief/nd19_rxnorm_december_2019_release.html,John Snow Labs,"clinical,entity,resolution,rxnorm,scd",Licensed ,Healthcare,"token, chunk_embeddings",entity,,,,,,,,,
clinical/models,chunkresolve_rxnorm_xsmall_clinical,en,2.5.2,2.4,2020-06-24,1592959394598,chunkresolve_rxnorm_xsmall_clinical_en_2.5.2_2.4_1592959394598.zip,s3,,ChunkEntityResolverModel,,,,,,Licensed ,,,,,,,,,,,,
clinical/models,chunkresolve_snomed_findings_clinical,en,2.5.1,2.4,2020-06-20,1592617161564,chunkresolve_snomed_findings_clinical_en_2.5.1_2.4_1592617161564.zip,s3,embeddings_clinical,ChunkEntityResolverModel,Trained on SNOMED CT Findings,Snomed Codes and their normalized definition,http://www.snomed.org/,John Snow Labs,"clinical,entity,resolution,snomed,findings",Licensed ,Healthcare,"token, chunk_embeddings",entity,,,,,,,,,
clinical/models,classifierdl_biobert_ade,en,2.6.0,2.4,2020-09-15,1600201949450,classifierdl_biobert_ade_en_2.6.0_2.4_1600201949450.zip,s3,,ClassifierDLModel,,,,,,Licensed ,,,,,,,,,,,,
clinical/models,clinical_analysis,en,2.4.0,2.4,2020-02-01,1580600773378,clinical_analysis_en_2.4.0_2.4_1580600773378.zip,s3,,PipelineModel,,,,,,Licensed ,,,,,,,,,,,,
clinical/models,clinical_deidentification,en,2.4.0,2.4,2020-01-31,1580481115376,clinical_deidentification_en_2.4.0_2.4_1580481115376.zip,s3,,PipelineModel,,,,,,Licensed ,,,,,,,,,,,,
clinical/models,clinical_ner_assertion,en,2.4.0,2.4,2020-01-31,1580481098096,clinical_ner_assertion_en_2.4.0_2.4_1580481098096.zip,s3,,PipelineModel,,,,,,Licensed ,,,,,,,,,,,,
clinical/models,deidentify_dl,en,2.4.0,2.4,2020-01-28,1580237286004,deidentify_dl_en_2.4.0_2.4_1580237286004.zip,s3,,NerDLModel,,,,,,Licensed ,,,,,,,,,,,,
clinical/models,deidentify_large,en,2.5.1,2.4,2020-07-19,1595199111307,deidentify_large_en_2.5.1_2.4_1595199111307.zip,s3,ner_deid_large,DeIdentificationModel,"Trained on 10.000 Contact, Location, Name and Profession random replacements","Contact, Location, Name, Profession",https://portal.dbmi.hms.harvard.edu/projects/n2c2-2014/,John Snow Labs,"clinical,deidentification,regex,large",Licensed ,Healthcare,"document, token, chunk",document,,"Deidentify (Large) is a deidentification model. It identifies instances of protected health information in text documents, and it can either obfuscate them (e.g., replacing names with different, fake names) or mask them (e.g., replacing ""2020,06,04"" with ""<DATE>""). This model is useful for maintaining HIPAA compliance when dealing with text documents that contain protected health information.",https://demo.johnsnowlabs.com/healthcare/DEID_PHI_TEXT,https://s3.amazonaws.com/auxdata.johnsnowlabs.com/clinical/models/nerdl_deid_en_1.8.0_2.4_1545462443516.zip,,deid,https://colab.research.google.com/github/JohnSnowLabs/spark-nlp-workshop/blob/master/tutorials/streamlit_notebooks/healthcare/DEID_PHI_TEXT.ipynb,False,Deidentify (Large)
clinical/models,deidentify_rb,en,2.0.2,2.4,2019-06-04,1559672122511,deidentify_rb_en_2.0.2_2.4_1559672122511.zip,s3,ner_deid,DeIdentificationModel,Rule based DeIdentifier based on `ner_deid`,,,John Snow Labs,"clinical,deidentification,regex",Licensed ,Healthcare,"document, token, chunk",document,,,,,,,,,
clinical/models,deidentify_rb_no_regex,en,2.4.5,2.4,2020-05-19,1589924063833,deidentify_rb_no_regex_en_2.4.5_2.4_1589924063833.zip,s3,ner_deid,DeIdentificationModel,Rule based DeIdentifier based on `ner_deid`,,,John Snow Labs,"clinical,deidentification",Licensed ,Healthcare,"document, token, chunk",document,,,,,,,,,
clinical/models,embeddings_biovec,en,2.5.0,2.4,2020-06-02,1591068211397,embeddings_biovec_en_2.5.0_2.4_1591068211397.zip,s3,,WordEmbeddingsModel,,,,,,Licensed ,,,,,,,,,,,,
clinical/models,embeddings_clinical,en,2.4.0,2.4,2020-01-28,1580237286004,embeddings_clinical_en_2.4.0_2.4_1580237286004.zip,s3,,WordEmbeddingsModel,Trained on PubMed corpora,,,John Snow Labs,"clinical,embeddings,pubmed,umls,mimic",Licensed ,Healthcare,"document, token",word_embeddings,,,,,,,,,
clinical/models,embeddings_healthcare,en,2.4.4,2.4,2020-03-26,1585188313964,embeddings_healthcare_en_2.4.4_2.4_1585188313964.zip,s3,,WordEmbeddingsModel,Trained on PubMed + ICD10 + UMLS + MIMIC III corpora,,,John Snow Labs,"clinical,embeddings,pubmed,umls,mimic",Licensed ,Healthcare,"document, token",word_embeddings,,,,,,,,,
clinical/models,embeddings_healthcare_100d,en,2.5.0,2.4,2020-05-29,1590794626292,embeddings_healthcare_100d_en_2.5.0_2.4_1590794626292.zip,s3,,WordEmbeddingsModel,Trained on PubMed + ICD10 + UMLS + MIMIC III corpora,,,John Snow Labs,"clinical,embeddings,pubmed,umls,mimic",Licensed ,Healthcare,"document, token",word_embeddings,,,,,,,,,
clinical/models,embeddings_scielo_150d,es,2.5.0,2.4,2020-05-26,1590467082526,embeddings_scielo_150d_es_2.5.0_2.4_1590467082526.zip,s3,,WordEmbeddingsModel,Trained on Scielo Articles,,https://zenodo.org/record/3744326#.XtViinVKh_U,John Snow Labs,"clinical,embeddings,scielo,wikipedia",Licensed ,Healthcare,"document, token",word_embeddings,,,,,,,,,
clinical/models,embeddings_scielo_300d,es,2.5.0,2.4,2020-05-26,1590467138742,embeddings_scielo_300d_es_2.5.0_2.4_1590467138742.zip,s3,,WordEmbeddingsModel,Trained on Scielo Articles,,https://zenodo.org/record/3744326#.XtViinVKh_U,John Snow Labs,"clinical,embeddings,scielo,wikipedia",Licensed ,Healthcare,"document, token",word_embeddings,,,,,,,,,
clinical/models,embeddings_scielo_50d,es,2.5.0,2.4,2020-05-26,1590467114993,embeddings_scielo_50d_es_2.5.0_2.4_1590467114993.zip,s3,,WordEmbeddingsModel,Trained on Scielo Articles,,https://zenodo.org/record/3744326#.XtViinVKh_U,John Snow Labs,"clinical,embeddings,scielo,wikipedia",Licensed ,Healthcare,"document, token",word_embeddings,,,,,,,,,
clinical/models,embeddings_scielowiki_150d,es,2.5.0,2.4,2020-05-26,1590467545910,embeddings_scielowiki_150d_es_2.5.0_2.4_1590467545910.zip,s3,,WordEmbeddingsModel,Trained on Scielo Articles + Clinical Wikipedia Articles,,https://zenodo.org/record/3744326#.XtViinVKh_U,John Snow Labs,"clinical,embeddings,scielo,wikipedia",Licensed ,Healthcare,"document, token",word_embeddings,,,,,,,,,
clinical/models,embeddings_scielowiki_300d,es,2.5.0,2.4,2020-05-26,1590467643391,embeddings_scielowiki_300d_es_2.5.0_2.4_1590467643391.zip,s3,,WordEmbeddingsModel,Trained on Scielo Articles + Clinical Wikipedia Articles,,https://zenodo.org/record/3744326#.XtViinVKh_U,John Snow Labs,"clinical,embeddings,scielo,wikipedia",Licensed ,Healthcare,"document, token",word_embeddings,,,,,,,,,
clinical/models,embeddings_scielowiki_50d,es,2.5.0,2.4,2020-05-26,1590467602230,embeddings_scielowiki_50d_es_2.5.0_2.4_1590467602230.zip,s3,,WordEmbeddingsModel,Trained on Scielo Articles + Clinical Wikipedia Articles,,https://zenodo.org/record/3744326#.XtViinVKh_U,John Snow Labs,"clinical,embeddings,scielo,wikipedia",Licensed ,Healthcare,"document, token",word_embeddings,,,,,,,,,
clinical/models,embeddings_sciwiki_150d,es,2.5.0,2.4,2020-05-27,1590609340084,embeddings_sciwiki_150d_es_2.5.0_2.4_1590609340084.zip,s3,,WordEmbeddingsModel,Trained on Clinical Wikipedia Articles,,https://zenodo.org/record/3744326#.XtViinVKh_U,John Snow Labs,"clinical,embeddings,scielo,wikipedia",Licensed ,Healthcare,"document, token",word_embeddings,,,,,,,,,
clinical/models,embeddings_sciwiki_300d,es,2.5.0,2.4,2020-05-27,1590609454054,embeddings_sciwiki_300d_es_2.5.0_2.4_1590609454054.zip,s3,,WordEmbeddingsModel,Trained on Clinical Wikipedia Articles,,https://zenodo.org/record/3744326#.XtViinVKh_U,John Snow Labs,"clinical,embeddings,scielo,wikipedia",Licensed ,Healthcare,"document, token",word_embeddings,,,,,,,,,
clinical/models,embeddings_sciwiki_50d,es,2.5.0,2.4,2020-05-27,1590609287349,embeddings_sciwiki_50d_es_2.5.0_2.4_1590609287349.zip,s3,,WordEmbeddingsModel,Trained on Clinical Wikipedia Articles,,https://zenodo.org/record/3744326#.XtViinVKh_U,John Snow Labs,"clinical,embeddings,scielo,wikipedia",Licensed ,Healthcare,"document, token",word_embeddings,,,,,,,,,
clinical/models,explain_clinical_doc_carp,en,2.5.5,2.4,2020-08-19,1597841630062,explain_clinical_doc_carp_en_2.5.5_2.4_1597841630062.zip,s3,,PipelineModel,,,,,,Licensed ,,,,,"A pretrained pipeline with ner_clinical, assertion_dl, re_clinical and ner_posology. It will extract clinical and medication entities, assign assertion status and find relationships between clinical entities.",,https://s3.amazonaws.com/auxdata.johnsnowlabs.com/clinical/models/explain_clinical_doc_carp_en_2.5.5_2.4_1597841630062.zip,"- ner_clinical
- assertion_dl
- re_clinical
- ner_posology",pipeline,https://github.com/JohnSnowLabs/spark-nlp-workshop/blob/master/tutorials/Certification_Trainings/Healthcare/11.Pretrained_Clinical_Pipelines.ipynb,,Explain Clinical Doc CARP
clinical/models,explain_clinical_doc_cra,en,2.5.5,2.4,2020-08-19,1597846145640,explain_clinical_doc_cra_en_2.5.5_2.4_1597846145640.zip,s3,,PipelineModel,,,,,,Licensed ,,,,,,,,,,,,
clinical/models,explain_clinical_doc_era,en,2.5.5,2.4,2020-08-19,1597845753750,explain_clinical_doc_era_en_2.5.5_2.4_1597845753750.zip,s3,,PipelineModel,,,,,,Licensed ,,,,,"A pretrained pipeline with ner_clinical_events, assertion_dl and re_temporal_events_clinical. It will extract clinical entities, assign assertion status and find temporal relationships between clinical entities",,https://s3.amazonaws.com/auxdata.johnsnowlabs.com/clinical/models/explain_clinical_doc_era_en_2.5.5_2.4_1597841630062.zip,"- ner_clinical_events
- assertion_dl
- re_temporal_events_clinical",pipeline,https://github.com/JohnSnowLabs/spark-nlp-workshop/blob/master/tutorials/Certification_Trainings/Healthcare/11.Pretrained_Clinical_Pipelines.ipynb,,Explain Clinical Doc ERA
clinical/models,ner_anatomy,en,2.4.2,2.4,2020-04-21,1587513307751,ner_anatomy_en_2.4.2_2.4_1587513307751.zip,s3,embeddings_clinical,NerDLModel,Trained on the Anatomical Entity Mention (AnEM) corpus with `embeddings_clinical`,"Anatomical_system, Cell, Cellular_component, Developing_anatomical_structure, Immaterial_anatomical_entity, Multi-tissue_structure, Organ, Organism_subdivision, Organism_substance, Pathological_formation, Tissue",http://www.nactem.ac.uk/anatomy/,John Snow Labs,"clinical,ner,dl,anatomy,anem",Licensed ,Healthcare,"sentence, token, pos, label, word_embeddings",ner,,"Pretrained named entity recognition deep learning model for anatomy terms. Includes Anatomical_system, Cell, Cellular_component, Developing_anatomical_structure, Immaterial_anatomical_entity, Multi,tissue_structure, Organ, Organism_subdivision, Organism_substance, Pathological_formation, and Tissue entities. The SparkNLP deep learning model (NerDL) is inspired by a former state of the art model for NER: Chiu & Nicols, Named Entity Recognition with Bidirectional LSTM,CNN.",,https://s3.amazonaws.com/auxdata.johnsnowlabs.com/clinical/models/ner_anatomy_en_2.4.2_2.4_1587513307751.zip,,ner,https://github.com/JohnSnowLabs/spark-nlp-workshop/blob/master/tutorials/Certification_Trainings/Healthcare/1.Clinical_Named_Entity_Recognition_Model.ipynb,False,NerDLModel Anatomy
clinical/models,ner_bionlp,en,2.4.0,2.4,2020-01-28,1580237286004,ner_bionlp_en_2.4.0_2.4_1580237286004.zip,s3,embeddings_clinical,NerDLModel,Trained on Cancer Genetics (CG) task of the BioNLP Shared Task 2013 with `embeddings_clinical`,"Amino_acid, Anatomical_system, Cancer, Cell, Cellular_component, Developing_anatomical_Structure, Gene_or_gene_product, Immaterial_anatomical_entity, Multi-tissue_structure, Organ, Organism, Organism_subdivision, Simple_chemical, Tissue",http://2013.bionlp-st.org/tasks/cancer-genetics,John Snow Labs,"clinical,ner,dl,cancer,genetics,bionlp",Licensed ,Healthcare,"sentence, token, pos, label, word_embeddings",ner,,"Pretrained named entity recognition deep learning model for biology and genetics terms. The SparkNLP deep learning model (NerDL) is inspired by a former state of the art model for NER: Chiu & Nicols, Named Entity Recognition with Bidirectional LSTM,CNN.",,https://s3.amazonaws.com/auxdata.johnsnowlabs.com/clinical/models/ner_bionlp_en_2.4.0_2.4_1580237286004.zip,,ner,https://github.com/JohnSnowLabs/spark-nlp-workshop/blob/master/tutorials/Certification_Trainings/Healthcare/1.Clinical_Named_Entity_Recognition_Model.ipynb,False,NerDLModel Bionlp
clinical/models,ner_cancer_genetics,en,2.4.2,2.4,2020-04-22,1587567870408,ner_cancer_genetics_en_2.4.2_2.4_1587567870408.zip,s3,embeddings_clinical,NerDLModel,,,,,,Licensed ,,,,,,,,,,,,
clinical/models,ner_cellular,en,2.4.2,2.4,2020-04-21,1587513308751,ner_cellular_en_2.4.2_2.4_1587513308751.zip,s3,embeddings_clinical,NerDLModel,Trained on the JNLPBA corpus containing more than 2.404 publication abstracts with `embeddings_clinical`,"DNA, Cell_type, Cell_line, RNA, Protein",http://www.geniaproject.org/,John Snow Labs,"clinical,ner,dl,cellular,jnlpba",Licensed ,Healthcare,"sentence, token, pos, label, word_embeddings",ner,,"Pretrained named entity recognition deep learning model for molecular biology related terms. The SparkNLP deep learning model (NerDL) is inspired by a former state of the art model for NER: Chiu & Nicols, Named Entity Recognition with Bidirectional LSTM,CNN.",,https://s3.amazonaws.com/auxdata.johnsnowlabs.com/clinical/models/ner_cellular_en_2.4.2_2.4_1587513308751.zip,,ner,https://github.com/JohnSnowLabs/spark-nlp-workshop/blob/master/tutorials/Certification_Trainings/Healthcare/1.Clinical_Named_Entity_Recognition_Model.ipynb,False,NerDLModel Cellular
clinical/models,ner_chemprot_clinical,en,2.5.5,2.4,2020-09-06,1599360199717,ner_chemprot_clinical_en_2.5.5_2.4_1599360199717.zip,s3,embeddings_clinical,NerDLModel,,,,,,Licensed ,,,,,,,,,,,,
clinical/models,ner_clinical,en,2.4.0,2.4,2020-01-28,1580237286004,ner_clinical_en_2.4.0_2.4_1580237286004.zip,s3,embeddings_clinical,NerDLModel,"Trained on 2010 i2b2/VA challenge on concepts, assertions, and relations in clinical text with `embeddings_clinical`","Problem, Test, Treatment",https://portal.dbmi.hms.harvard.edu/projects/n2c2-nlp,John Snow Labs,"clinical,ner,dl,n2c2",Licensed ,Healthcare,"sentence, token, pos, label, word_embeddings",ner,,"Pretrained named entity recognition deep learning model for clinical terms. The SparkNLP deep learning model (NerDL) is inspired by a former state of the art model for NER: Chiu & Nicols, Named Entity Recognition with Bidirectional LSTM,CNN.",,https://s3.amazonaws.com/auxdata.johnsnowlabs.com/clinical/models/ner_clinical_en_2.4.0_2.4_1580237286004.zip,,ner,https://github.com/JohnSnowLabs/spark-nlp-workshop/blob/master/tutorials/Certification_Trainings/Healthcare/1.Clinical_Named_Entity_Recognition_Model.ipynb,False,NerDLModel Clinical
clinical/models,ner_clinical_large,en,2.5.0,2.4,2020-05-21,1590021302624,ner_clinical_large_en_2.5.0_2.4_1590021302624.zip,s3,embeddings_clinical,NerDLModel,Trained on i2b2 augmented data with `clinical_embeddings`,"Problem, Test, Treatment",https://portal.dbmi.hms.harvard.edu/projects/n2c2-nlp/,John Snow Labs,"clinical,ner,n2c2,large",Licensed ,Healthcare,"sentence, token, pos, label, word_embeddings",ner,,"Clinical NER (Large) is a Named Entity Recognition model that annotates text to find references to clinical events. The entities it annotates are Problem, Treatment, and Test. Clinical NER is trained with the 'embeddings_clinical' word embeddings model, so be sure to use the same embeddings in the pipeline.",https://demo.johnsnowlabs.com/healthcare/NER_EVENTS_CLINICAL,https://s3.amazonaws.com/auxdata.johnsnowlabs.com/clinical/models/ner_large_clinical_en_2.5.0_2.4_1590021302624.zip,,ner,https://colab.research.google.com/github/JohnSnowLabs/spark-nlp-workshop/blob/master/tutorials/streamlit_notebooks/healthcare/NER_EVENTS_CLINICAL.ipynb,False,Clinical NER (Large)
clinical/models,ner_crf,en,2.4.0,2.4,2020-01-28,1580237286004,ner_crf_en_2.4.0_2.4_1580237286004.zip,s3,embeddings_clinical,NerCrfModel,,,,,,Licensed ,,,,,,,,,,,,
clinical/models,ner_deid_enriched,en,2.4.2,2.4,2020-07-08,1594170530497,ner_deid_enriched_en_2.4.2_2.4_1594170530497.zip,s3,embeddings_clinical,NerDLModel,Trained on JSL enriched n2c2 2014: De-identification and Heart Disease Risk Factors Challenge datasets with `embeddings_clinical`,"Age, City, Country, Date, Doctor, Hospital, Idnum, Medicalrecord, Organization, Patient, Phone, Profession, State, Street, Username, Zip",https://portal.dbmi.hms.harvard.edu/projects/n2c2-2014/,John Snow Labs,"clinical,ner,deid",Licensed ,Healthcare,"sentence, token, pos, label, word_embeddings",ner,,"Deidentification NER (Enriched) is a Named Entity Recognition model that annotates text to find protected health information that may need to be deidentified. The entities it annotates are Age, City, Country, Date, Doctor, Hospital, Idnum, Medicalrecord, Organization, Patient, Phone, Profession, State, Street, Username, and Zip. Clinical NER is trained with the 'embeddings_clinical' word embeddings model, so be sure to use the same embeddings in the pipeline.",https://demo.johnsnowlabs.com/healthcare/NER_DEMOGRAPHICS,https://s3.amazonaws.com/auxdata.johnsnowlabs.com/clinical/models/ner_deid_enriched_en_2.4.2_2.4_1587513306751.zip,,ner,https://colab.research.google.com/github/JohnSnowLabs/spark-nlp-workshop/blob/master/tutorials/streamlit_notebooks/healthcare/NER_DEMOGRAPHICS.ipynb,False,Deidentification NER (Enriched)
clinical/models,ner_deid_large,en,2.4.2,2.4,2020-07-22,1595427435246,ner_deid_large_en_2.4.2_2.4_1595427435246.zip,s3,embeddings_clinical,NerDLModel,Trained on plain n2c2 2014: De-identification and Heart Disease Risk Factors Challenge datasets with `embeddings_clinical`,"Age, Contact, Date, Id, Location, Name, Profession",https://portal.dbmi.hms.harvard.edu/projects/n2c2-2014/,John Snow Labs,"clinical,ner,deid",Licensed ,Healthcare,"sentence, token, pos, label, word_embeddings",ner,,"Deidentification NER (Large) is a Named Entity Recognition model that annotates text to find protected health information that may need to be deidentified. The entities it annotates are Age, Contact, Date, Id, Location, Name, and Profession. Clinical NER is trained with the 'embeddings_clinical' word embeddings model, so be sure to use the same embeddings in the pipeline.",https://demo.johnsnowlabs.com/healthcare/NER_DEMOGRAPHICS,https://s3.amazonaws.com/auxdata.johnsnowlabs.com/clinical/models/ner_deid_large_en_2.4.2_2.4_1587513305751.zip,,ner,https://colab.research.google.com/github/JohnSnowLabs/spark-nlp-workshop/blob/master/tutorials/streamlit_notebooks/healthcare/NER_DEMOGRAPHICS.ipynb,False,Deidentification NER (Large)
clinical/models,ner_diag_proc,es,2.5.3,2.4,2020-07-08,1594168623415,ner_diag_proc_es_2.5.3_2.4_1594168623415.zip,s3,embeddings_scielowiki_300d,NerDLModel,Trained on CodiEsp Challenge dataset,"Diagnostico, Procedimiento",https://temu.bsc.es/codiesp/,John Snow Labs,"clinical,ner,codiesp",Licensed ,Healthcare,"sentence, token, pos, label, word_embeddings",ner,,,,,,,,,
clinical/models,ner_diseases,en,2.4.4,2.4,2020-03-17,1584452534235,ner_diseases_en_2.4.4_2.4_1584452534235.zip,s3,embeddings_clinical,NerDLModel,Trained on i2b2 with `embeddings_clinical`,Disease,,John Snow Labs,"clinical,ner,dl,n2c2",Licensed ,Healthcare,"sentence, token, pos, label, word_embeddings",ner,,"Pretrained named entity recognition deep learning model for diseases. The SparkNLP deep learning model (NerDL) is inspired by a former state of the art model for NER: Chiu & Nicols, Named Entity Recognition with Bidirectional LSTM,CNN.",#,https://s3.amazonaws.com/auxdata.johnsnowlabs.com/clinical/models/ner_diseases_en_2.4.4_2.4_1584452534235.zip,,ner,https://github.com/JohnSnowLabs/spark-nlp-workshop/blob/master/tutorials/Certification_Trainings/Healthcare/1.Clinical_Named_Entity_Recognition_Model.ipynb,False,NerDLModel Diseases
clinical/models,ner_drugs,en,2.4.4,2.4,2020-03-17,1584452534235,ner_drugs_en_2.4.4_2.4_1584452534235.zip,s3,embeddings_clinical,NerDLModel,Trained on i2b2_med7 + FDA with `embeddings_clinical`.,DrugChem (Drug and Chemicals),https://www.i2b2.org/NLP/Medication,John Snow Labs,"clinical,ner,dl,n2c2",Licensed ,Healthcare,"sentence, token, pos, label, word_embeddings",ner,,"Pretrained named entity recognition deep learning model for Drugs. The SparkNLP deep learning model (NerDL) is inspired by a former state of the art model for NER: Chiu & Nicols, Named Entity Recognition with Bidirectional LSTM,CNN.",,https://s3.amazonaws.com/auxdata.johnsnowlabs.com/clinical/models/ner_drugs_en_2.4.4_2.4_1584452534235.zip,,ner,https://github.com/JohnSnowLabs/spark-nlp-workshop/blob/master/tutorials/Certification_Trainings/Healthcare/1.Clinical_Named_Entity_Recognition_Model.ipynb,False,NerDLModel Drugs
clinical/models,ner_events_clinical,en,2.5.0,2.4,2020-08-18,1597775531760,ner_events_clinical_en_2.5.0_2.4_1597775531760.zip,s3,embeddings_clinical,NerDLModel,Trained on i2b2 events data with `clinical_embeddings`,"Problem, Test, Treatment, Occurence, Clinical_Dept, Date, Evidential, Duration, Frequency, Admission, Discharge, Time",https://portal.dbmi.hms.harvard.edu/projects/n2c2-nlp/,John Snow Labs,"clinical,ner,events",Licensed ,Healthcare,"sentence, token, pos, label, word_embeddings",ner,,"Pretrained named entity recognition deep learning model for clinical events. The SparkNLP deep learning model (NerDL) is inspired by a former state of the art model for NER: Chiu & Nicols, Named Entity Recognition with Bidirectional LSTM,CNN.",,https://s3.amazonaws.com/auxdata.johnsnowlabs.com/clinical/models/ner_events_clinical_en_2.5.0_2.4_1590021303624.zip,,ner,https://github.com/JohnSnowLabs/spark-nlp-workshop/blob/master/tutorials/Certification_Trainings/Healthcare/1.Clinical_Named_Entity_Recognition_Model.ipynb,False,NerDLModel Clinical Events
clinical/models,ner_events_healthcare,en,2.6.0,2.4,2020-09-23,1600849907632,ner_events_healthcare_en_2.6.0_2.4_1600849907632.zip,s3,,NerDLModel,,,,,,Licensed ,,,,,,,,,,,,
clinical/models,ner_healthcare,de,2.5.5,2.4,2020-09-06,1599433028253,ner_healthcare_de_2.5.5_2.4_1599433028253.zip,s3,,NerDLModel,,,,,,Licensed ,,,,,,,,,,,,
clinical/models,ner_healthcare,en,2.4.4,2.4,2020-09-23,1600849764614,ner_healthcare_en_2.4.4_2.4_1600849764614.zip,s3,,NerDLModel,,,,,,Licensed ,,,,,"Pretrained named entity recognition deep learning model for healthcare. Includes Problem, Test and Treatment entities. The SparkNLP deep learning model (NerDL) is inspired by a former state of the art model for NER: Chiu & Nicols, Named Entity Recognition with Bidirectional LSTM,CNN.",,https://s3.amazonaws.com/auxdata.johnsnowlabs.com/clinical/models/ner_healthcare_en_2.4.4_2.4_1585188313964.zip,,ner,https://github.com/JohnSnowLabs/spark-nlp-workshop/blob/master/tutorials/Certification_Trainings/Healthcare/1.Clinical_Named_Entity_Recognition_Model.ipynb,False,NerDLModel Healthcare
clinical/models,ner_human_phenotype_gene_clinical,en,2.5.5,2.4,2020-08-27,1598558253840,ner_human_phenotype_gene_clinical_en_2.5.5_2.4_1598558253840.zip,s3,embeddings_clinical,NerDLModel,,,,,,Licensed ,,,,,,,,,,,,
clinical/models,ner_human_phenotype_go_clinical,en,2.5.5,2.4,2020-08-27,1598558398770,ner_human_phenotype_go_clinical_en_2.5.5_2.4_1598558398770.zip,s3,embeddings_clinical,NerDLModel,,,,,,Licensed ,,,,,,,,,,,,
clinical/models,ner_jsl,en,2.4.2,2.4,2020-04-21,1587513304751,ner_jsl_en_2.4.2_2.4_1587513304751.zip,s3,embeddings_clinical,NerDLModel,Trained on data gathered and manually annotated by John Snow Labs,"Age, Diagnosis, Dosage, Drug_name, Frequency, Gender, Lab_name, Lab_result, Modifier, Name, Negation, Symptom_name",https://www.johnsnowlabs.com/data/,John Snow Labs,"clinical,ner,generic",Licensed ,Healthcare,"sentence, token, pos, label, word_embeddings",ner,,"Pretrained named entity recognition deep learning model for clinical terminology. The SparkNLP deep learning model (NerDL) is inspired by a former state of the art model for NER: Chiu & Nicols, Named Entity Recognition with Bidirectional LSTM,CNN.",,https://s3.amazonaws.com/auxdata.johnsnowlabs.com/clinical/models/ner_jsl_en_2.4.2_2.4_1587513304751.zip,,ner,https://github.com/JohnSnowLabs/spark-nlp-workshop/blob/master/tutorials/Certification_Trainings/Healthcare/1.Clinical_Named_Entity_Recognition_Model.ipynb,False,Ner DL Model
clinical/models,ner_jsl_enriched,en,2.4.2,2.4,2020-04-21,1587513303751,ner_jsl_enriched_en_2.4.2_2.4_1587513303751.zip,s3,embeddings_clinical,NerDLModel,Trained on data gathered and manually annotated by John Snow Labs,"Age, Diagnosis, Dosage, Drug_name, Frequency, Gender, Lab_name, Lab_result, Modifier, Name, Negation, Symptom_name",https://www.johnsnowlabs.com/data/,John Snow Labs,"clinical,ner,generic",Licensed ,Healthcare,"sentence, token, pos, label, word_embeddings",ner,,"Pretrained named entity recognition deep learning model for clinical terminology. The SparkNLP deep learning model (NerDL) is inspired by a former state of the art model for NER: Chiu & Nicols, Named Entity Recognition with Bidirectional LSTM,CNN.",,https://s3.amazonaws.com/auxdata.johnsnowlabs.com/clinical/models/ner_jsl_enriched_en_2.4.2_2.4_1587513303751.zip,,ner,https://github.com/JohnSnowLabs/spark-nlp-workshop/blob/master/tutorials/Certification_Trainings/Healthcare/1.Clinical_Named_Entity_Recognition_Model.ipynb,False,Ner DL Model Enriched
clinical/models,ner_large_clinical,en,2.5.0,2.4,2020-05-21,1590021302624,ner_large_clinical_en_2.5.0_2.4_1590021302624.zip,s3,embeddings_clinical,NerDLModel,,,,,,Licensed ,,,,,,,,,,,,
clinical/models,ner_legal,de,2.5.5,2.4,2020-09-07,1599471454959,ner_legal_de_2.5.5_2.4_1599471454959.zip,s3,embeddings_clinical,NerDLModel,,,,,,Licensed ,,,,,,,,,,,,
clinical/models,ner_medmentions_coarse,en,2.5.0,2.4,2020-05-23,1590265407598,ner_medmentions_coarse_en_2.5.0_2.4_1590265407598.zip,s3,embeddings_clinical,NerDLModel,Trained on MedMentions dataset,,,John Snow Labs,,Licensed ,Healthcare,"sentence, token, pos, label, word_embeddings",ner,,,,,,,,,
clinical/models,ner_neoplasms,es,2.5.3,2.4,2020-07-08,1594168624415,ner_neoplasms_es_2.5.3_2.4_1594168624415.zip,s3,embeddings_scielowiki_300d,NerDLModel,Trained on MedMentions dataset,MalignantNeoplasm,https://temu.bsc.es/cantemist/,John Snow Labs,"clinical,ner,cantemist",Licensed ,Healthcare,"sentence, token, pos, label, word_embeddings",ner,,"Neoplasms NER is a Named Entity Recognition model that annotates text to find references to tumors. The only entity it annotates is MalignantNeoplasm. Neoplasms NER is trained with the 'embeddings_clinical' word embeddings model, so be sure to use the same embeddings in the pipeline.",https://demo.johnsnowlabs.com/healthcare/NER_TUMOR,https://s3.amazonaws.com/auxdata.johnsnowlabs.com/clinical/models/ner_neoplasms_es_2.5.3_2.4_1594168624415.zip,,ner,https://colab.research.google.com/github/JohnSnowLabs/spark-nlp-workshop/blob/master/tutorials/streamlit_notebooks/healthcare/NER_TUMOR.ipynb,False,Neoplasms NER
clinical/models,ner_posology,en,2.4.2,2.4,2020-03-17,1584452534235,ner_posology_en_2.4.2_2.4_1584452534235.zip,s3,embeddings_clinical,NerDLModel,Trained on the 2018 i2b2 dataset and FDA Drug datasets with `embeddings_clinical`.,"Dosage, Drug, Duration, Form, Frequency, Route, Strength",https://open.fda.gov/,John Snow Labs,"clinical,ner,dl,drugs,fda",Licensed ,Healthcare,"sentence, token, pos, label, word_embeddings",ner,,"Pretrained named entity recognition deep learning model for posology. The SparkNLP deep learning model (NerDL) is inspired by a former state of the art model for NER: Chiu & Nicols, Named Entity Recognition with Bidirectional LSTM,CNN.",,https://s3.amazonaws.com/auxdata.johnsnowlabs.com/clinical/models/ner_posology_en_2.4.4_2.4_1584452534235.zip,,ner,https://github.com/JohnSnowLabs/spark-nlp-workshop/blob/master/tutorials/Certification_Trainings/Healthcare/1.Clinical_Named_Entity_Recognition_Model.ipynb,False,NerDLModel Posology
clinical/models,ner_posology_healthcare,en,2.6.0,2.4,2020-09-23,1600849852424,ner_posology_healthcare_en_2.6.0_2.4_1600849852424.zip,s3,,NerDLModel,,,,,,Licensed ,,,,,,,,,,,,
clinical/models,ner_posology_large,en,2.4.2,2.4,2020-04-21,1587513302751,ner_posology_large_en_2.4.2_2.4_1587513302751.zip,s3,embeddings_clinical,NerDLModel,Trained on the 2018 i2b2 dataset and FDA Drug datasets with `embeddings_clinical`.,"Dosage, Drug, Duration, Form, Frequency, Route, Strength",https://open.fda.gov/,John Snow Labs,"clinical,ner,drugs,fda,large",Licensed ,Healthcare,"sentence, token, pos, label, word_embeddings",ner,,"Pretrained named entity recognition deep learning model for posology. The SparkNLP deep learning model (NerDL) is inspired by a former state of the art model for NER: Chiu & Nicols, Named Entity Recognition with Bidirectional LSTM,CNN.",,https://s3.amazonaws.com/auxdata.johnsnowlabs.com/clinical/models/ner_posology_large_en_2.4.2_2.4_1587513302751.zip,,ner,https://github.com/JohnSnowLabs/spark-nlp-workshop/blob/master/tutorials/Certification_Trainings/Healthcare/1.Clinical_Named_Entity_Recognition_Model.ipynb,False,NerDLModel Posology Large
clinical/models,ner_posology_small,en,2.4.2,2.4,2020-04-21,1587513301751,ner_posology_small_en_2.4.2_2.4_1587513301751.zip,s3,embeddings_clinical,NerDLModel,Trained on the 2018 i2b2 dataset (no FDA) with `embeddings_clinical`.,"Dosage, Drug, Duration, Form, Frequency, Route, Strength",https://www.i2b2.org/NLP/Medication,John Snow Labs,"clinical,ner,drugs,fda,small",Licensed ,Healthcare,"sentence, token, pos, label, word_embeddings",ner,,"Pretrained named entity recognition deep learning model for posology. The SparkNLP deep learning model (NerDL) is inspired by a former state of the art model for NER: Chiu & Nicols, Named Entity Recognition with Bidirectional LSTM,CNN.",,https://s3.amazon.com/auxdata.johnsnowlabs.com/clinical/models/ner_posology_small_en_2.4.2_2.4_1587513301751.zip,,ner,https://github.com/JohnSnowLabs/spark-nlp-workshop/blob/master/tutorials/Certification_Trainings/Healthcare/1.Clinical_Named_Entity_Recognition_Model.ipynb,False,NerDLModel Posology Small
clinical/models,ner_risk_factors,en,2.4.2,2.4,2020-04-21,1587513300751,ner_risk_factors_en_2.4.2_2.4_1587513300751.zip,s3,embeddings_clinical,NerDLModel,Trained on plain n2c2 2014: De-identification and Heart Disease Risk Factors Challenge datasets with `embeddings_clinical`,"Cad, Diabetes, Family_hist, Hyperlipidemia, Hypertension, Medication, Obese, Phi, Smoker",https://portal.dbmi.hms.harvard.edu/projects/n2c2-2014/,John Snow Labs,"clinical,ner,risk,factors",Licensed ,Healthcare,"sentence, token, pos, label, word_embeddings",ner,,"Pretrained named entity recognition deep learning model for Heart Disease Risk Factors and Personal Health Information. The SparkNLP deep learning model (NerDL) is inspired by a former state of the art model for NER: Chiu & Nicols, Named Entity Recognition with Bidirectional LSTM,CNN.",,https://s3.amazonaws.com/auxdata.johnsnowlabs.com/clinical/models/ner_risk_factors_en_2.4.2_2.4_1587513300751.zip,,ner,https://github.com/JohnSnowLabs/spark-nlp-workshop/blob/master/tutorials/Certification_Trainings/Healthcare/1.Clinical_Named_Entity_Recognition_Model.ipynb,False,NerDLModel Risk Factors
clinical/models,pos_clinical,en,2.0.2,2.4,2019-04-30,1556660550177,pos_clinical_en_2.0.2_2.4_1556660550177.zip,s3,embeddings_clinical,PerceptronModel,Trained with MedPost dataset,,,John Snow Labs,"clinical,pos,medpost",Licensed ,Healthcare,"token, sentence",pos,,,,,,,,,
clinical/models,ppl_posology_rxnorm,en,2.5.3,2.4,2020-08-05,1596638834463,ppl_posology_rxnorm_en_2.5.3_2.4_1596638834463.zip,s3,,,,,,,,Licensed ,,,,,,,,,,,,
clinical/models,re_chemprot_clinical,en,2.5.5,2.4,2020-09-04,1599250496881,re_chemprot_clinical_en_2.5.5_2.4_1599250496881.zip,s3,embeddings_clinical,RelationExtractionModel,,,,,,Licensed ,,,,,,,,,,,,
clinical/models,re_clinical,en,2.5.5,2.4,2020-09-24,1600987935304,re_clinical_en_2.5.5_2.4_1600987935304.zip,s3,embeddings_clinical,RelationExtractionModel,Trained on data gathered and manually annotated by John Snow Labs,"TrIP (improved), TrWP (worsened), TrCP (caused problem), TrAP (administered), TrNAP (avoided), TeRP (revealed problem), TeCP (investigate problem), PIP (problems related)",https://portal.dbmi.hms.harvard.edu/projects/n2c2-nlp/,John Snow Labs,"clinical,relation,extraction",Licensed ,Healthcare,"word_embeddings, chunk, pos, dependency",category,,Models the set of clinical relations defined in the 2010 i2b2 relation challenge.,,https://s3.amazonaws.com/auxdata.johnsnowlabs.com/clinical/models/re_clinical_en_2.5.5_2.4_1596928426753.zip,,re,https://colab.research.google.com/github/JohnSnowLabs/spark-nlp-workshop/blob/master/tutorials/Certification_Trainings/Healthcare/10.Clinical_Relation_Extraction.ipynb,False,RelationExtractionModel Clinical
clinical/models,re_drug_drug_interaction_clinical,en,2.5.5,2.4,2020-09-03,1599156924424,re_drug_drug_interaction_clinical_en_2.5.5_2.4_1599156924424.zip,s3,embeddings_clinical,RelationExtractionModel,,,,,,Licensed ,,,,,,,,,,,,
clinical/models,re_human_phenotype_gene_clinical,en,2.5.5,2.4,2020-08-27,1598560152543,re_human_phenotype_gene_clinical_en_2.5.5_2.4_1598560152543.zip,s3,embeddings_clinical,RelationExtractionModel,,,,,,Licensed ,,,,,,,,,,,,
clinical/models,re_temporal_events_clinical,en,2.5.5,2.4,2020-08-18,1597774124917,re_temporal_events_clinical_en_2.5.5_2.4_1597774124917.zip,s3,embeddings_clinical,RelationExtractionModel,Trained on data gathered and manually annotated by John Snow Labs,"TrIP (improved), TrWP (worsened), TrCP (caused problem), TrAP (administered), TrNAP (avoided), TeRP (revealed problem), TeCP (investigate problem), PIP (problems related)",https://portal.dbmi.hms.harvard.edu/projects/n2c2-nlp/,John Snow Labs,"clinical,relation,extraction,temporal",Licensed ,Healthcare,"word_embeddings, chunk, pos, dependency",category,,,,,,,,,
clinical/models,re_temporal_events_enriched_clinical,en,2.5.5,2.4,2020-08-18,1597775105767,re_temporal_events_enriched_clinical_en_2.5.5_2.4_1597775105767.zip,s3,embeddings_clinical,RelationExtractionModel,Trained on data gathered and manually annotated by John Snow Labs,"Extracts: Temporal relations (BEFORE, AFTER, SIMULTANEOUS, BEGUN_BY, ENDED_BY, DURING, BEFORE_OVERLAP) between clinical events (`ner_events_clinical`)",https://portal.dbmi.hms.harvard.edu/projects/n2c2-nlp/,John Snow Labs,"clinical,relation,extraction,temporal",Licensed ,Healthcare,"word_embeddings, chunk, pos, dependency",category,,,,,,,,,
clinical/models,recognize_entities_posology,en,2.5.5,2.4,2020-08-19,1597846280279,recognize_entities_posology_en_2.5.5_2.4_1597846280279.zip,s3,,,,,,,,Licensed ,,,,,,,,,,,,
clinical/models,sentence_detector_dl,en,2.6.0,2.4,2020-09-13,1600002888450,sentence_detector_dl_en_2.6.0_2.4_1600002888450.zip,s3,,,,,,,,Licensed ,,,,,,,,,,,,
clinical/models,sentence_detector_dl,xx,2.6.0,2.4,2020-09-14,1600092755641,sentence_detector_dl_xx_2.6.0_2.4_1600092755641.zip,s3,,,,,,,,Licensed ,,,,,,,,,,,,
clinical/models,sentence_detector_dl_healthcare,en,2.6.0,2.4,2020-09-13,1600001082565,sentence_detector_dl_healthcare_en_2.6.0_2.4_1600001082565.zip,s3,,,,,,,,Licensed ,,,,,,,,,,,,
clinical/models,spellcheck_clinical,en,2.4.2,2.4,2020-04-17,1587146727460,spellcheck_clinical_en_2.4.2_2.4_1587146727460.zip,s3,embeddings_clinical,ContextSpellCheckerModel,Trained with PubMed and i2b2 datasets,,,John Snow Labs,"clinical,spellcheck,dl,contextual",Licensed ,Healthcare,token,spell,,,,,,,,,
clinical/models,textmatch_cpt_token,en,2.4.0,2.4,2020-04-21,1587495106014,textmatch_cpt_token_en_2.4.0_2.4_1587495106014.zip,s3,,TextMatcherModel,Trained on NER Synonym Augmented Procedural Terminology bigram tokens combined up to a window of one,,,John Snow Labs,"clinical,ner,trie,match,cpt",Licensed ,Healthcare,"document, token",entity,,,,,,,,,
clinical/models,textmatch_icdo,en,2.4.2,2.4,2020-03-03,1583201177949,textmatch_icdo_en_2.4.2_2.4_1583201177949.zip,s3,,,,,,,,Licensed ,,,,,,,,,,,,
clinical/models,textmatch_icdo_ner,en,2.4.0,2.4,2020-04-21,1587495006987,textmatch_icdo_ner_en_2.4.0_2.4_1587495006987.zip,s3,,TextMatcherModel,Trained on NER Synonym Augmented ICD Histology Behaviour bigram tokens up to a window of four,,,John Snow Labs,"clinical,ner,trie,match,icdo",Licensed ,Healthcare,"document, token",entity,,,,,,,,,
clinical/models,w2v_cc_300d,de,2.5.5,2.4,2020-09-06,1599428063692,w2v_cc_300d_de_2.5.5_2.4_1599428063692.zip,s3,,,,,,,,Licensed ,,,,,,,,,,,,
