include,repo,title,name,language,compatibility,spark_version,latest_date,ts,dataset,download_url,file,upstream_deps,model_class,labels,reference_url,author,tags,license,edition,dimension,dataset_info,description,demo_url,included_models,colab_url,case_sensitive
1,clinical/models,Assertion DL Clinical Embeddings,assertion_dl,en,2.4.0,2.4,2020-01-28,1580237286004,s3,https://s3.amazonaws.com/auxdata.johnsnowlabs.com/clinical/models/assertion_dl_en_2.4.0_2.4_1580237286004.zip,assertion_dl_en_2.4.0_2.4_1580237286004.zip,embeddings_clinical,AssertionDLModel,"hypothetical, present, absent, possible, conditional, associated_with_someone_else",https://portal.dbmi.hms.harvard.edu/projects/n2c2-nlp/,John Snow Labs,"clinical,assertion,dl,n2c2,en",Licensed ,Healthcare,,"Trained on 2010 i2b2/VA challenge on concepts, assertions, and relations in clinical text with `embeddings_clinical`",Deep learning named entity recognition model for assertions ,,,https://github.com/JohnSnowLabs/spark-nlp-workshop/blob/master/tutorials/Certification_Trainings/Healthcare/2.Clinical_Assertion_Model.ipynb,False
1,clinical/models,Assertion DL Healthcare Embeddings,assertion_dl_healthcare,en,2.6.0,2.4,2020-09-23,1600849811713,s3,https://s3.amazonaws.com/auxdata.johnsnowlabs.com/clinical/models/assertion_dl_healthcare_en_2.6.0_2.4_1600849811713.zip,assertion_dl_healthcare_en_2.6.0_2.4_1600849811713.zip,embeddings_healthcare_100d,AssertionDLModel,"hypothetical, present, absent, possible, conditional, associated_with_someone_else",https://portal.dbmi.hms.harvard.edu/projects/n2c2-nlp/,John Snow Labs,"clinical,assertion,dl,n2c2,en",Licensed ,Healthcare,,"Trained on 2010 i2b2/VA challenge on concepts, assertions, and relations in clinical text with `embeddings_clinical`",Deep learning named entity recognition model for assertions ,,,https://github.com/JohnSnowLabs/spark-nlp-workshop/blob/master/tutorials/Certification_Trainings/Healthcare/2.Clinical_Assertion_Model.ipynb,False
1,clinical/models,Assertion DL Large,assertion_dl_large,en,2.4.2,2.4,2020-05-21,1590022282256,s3,https://s3.amazonaws.com/auxdata.johnsnowlabs.com/clinical/models/assertion_dl_large_en_2.5.0_2.4_1590022282256.zip,assertion_dl_large_en_2.5.0_2.4_1590022282256.zip,embeddings_clinical,AssertionDLModel,"hypothetical, present, absent, possible, conditional, associated_with_someone_else",https://portal.dbmi.hms.harvard.edu/projects/n2c2-nlp/,John Snow Labs,"clinical,assertion,dl,n2c2,en",Licensed ,Healthcare,,"Trained on 2010 i2b2/VA challenge on concepts, assertions, and relations in clinical text with `embeddings_clinical`",Deep learning named entity recognition model for assertions ,,,https://github.com/JohnSnowLabs/spark-nlp-workshop/blob/master/tutorials/Certification_Trainings/Healthcare/2.Clinical_Assertion_Model.ipynb,False
1,clinical/models,Assertion DL I2B2,assertion_i2b2,en,2.4.2,2.4,2020-05-07,1588811895962,s3,https://s3.amazonaws.com/auxdata.johnsnowlabs.com/clinical/models/assertion_i2b2_en_2.4.2_2.4_1588811895962.zip,assertion_i2b2_en_2.4.2_2.4_1588811895962.zip,embeddings_clinical,AssertionDLModel,"hypothetical, present, absent, possible, conditional, associated_with_someone_else",https://portal.dbmi.hms.harvard.edu/projects/n2c2-nlp/,John Snow Labs,"clinical,assertion,dl,n2c2,en",Licensed ,Healthcare,,"Trained on 2010 i2b2/VA challenge on concepts, assertions, and relations in clinical text with `embeddings_clinical`",Deep learning named entity recognition model for assertions ,,,https://github.com/JohnSnowLabs/spark-nlp-workshop/blob/master/tutorials/Certification_Trainings/Healthcare/2.Clinical_Assertion_Model.ipynb,False
1,clinical/models,Assertion ML,assertion_ml,en,2.4.0,2.4,2020-01-28,1580237286004,s3,https://s3.amazonaws.com/auxdata.johnsnowlabs.com/clinical/models/assertion_ml_en_2.4.0_2.4_1580237286004.zip,assertion_ml_en_2.4.0_2.4_1580237286004.zip,embeddings_clinical,AssertionLogRegModel,"hypothetical, present, absent, possible, conditional, associated_with_someone_else",https://portal.dbmi.hms.harvard.edu/projects/n2c2-nlp/,John Snow Labs,"clinical,assertion,dl,n2c2,en",Licensed ,Healthcare,,"Trained on 2010 i2b2/VA challenge on concepts, assertions, and relations in clinical text with `embeddings_clinical`",Deep learning named entity recognition model for assertions ,,,https://github.com/JohnSnowLabs/spark-nlp-workshop/blob/master/tutorials/Certification_Trainings/Healthcare/2.Clinical_Assertion_Model.ipynb,False
0,clinical/models,Biobert Clinical Base Cased,biobert_clinical_base_cased,en,2.5.0,2.4,2020-05-26,1590489819943,s3,https://s3.amazonaws.com/auxdata.johnsnowlabs.com/clinical/models/biobert_clinical_base_cased_en_2.5.0_2.4_1590489819943.zip,biobert_clinical_base_cased_en_2.5.0_2.4_1590489819943.zip,,BertEmbeddings,Contextual feature vectors based on biobert_clinical_base_cased,https://github.com/naver/biobert-pretrained,John Snow Labs,"clinical,bert,embeddings,en",Licensed ,Healthcare,768,Trained on PubMed + MIMIC III corpora,Contextual embeddings representation using biobert_clinical_base_cased,,,,True
0,clinical/models,Biobert Discharge Base Cased,biobert_discharge_base_cased,en,2.5.0,2.4,2020-05-26,1590490193605,s3,https://s3.amazonaws.com/auxdata.johnsnowlabs.com/clinical/models/biobert_discharge_base_cased_en_2.5.0_2.4_1590490193605.zip,biobert_discharge_base_cased_en_2.5.0_2.4_1590490193605.zip,,BertEmbeddings,Contextual feature vectors based on biobert_discharge_base_cased,https://github.com/naver/biobert-pretrained,John Snow Labs,"clinical,bert,embeddings,en",Licensed ,Healthcare,768,Trained on PubMed + MIMIC III corpora,Contextual embeddings representation using biobert_discharge_base_cased,,,,True
0,clinical/models,Biobert Pmc Base Cased,biobert_pmc_base_cased,en,2.5.0,2.4,2020-05-26,1590489029151,s3,https://s3.amazonaws.com/auxdata.johnsnowlabs.com/clinical/models/biobert_pmc_base_cased_en_2.5.0_2.4_1590489029151.zip,biobert_pmc_base_cased_en_2.5.0_2.4_1590489029151.zip,,BertEmbeddings,Contextual feature vectors based on biobert_pmc_base_cased,https://github.com/naver/biobert-pretrained,John Snow Labs,"clinical,bert,embeddings,en",Licensed ,Healthcare,768,Trained on PubMed + MIMIC III corpora,Contextual embeddings representation using biobert_pmc_base_cased,,,,True
1,clinical/models,Biobert Pubmed Base Cased,biobert_pubmed_base_cased,en,2.5.0,2.4,2020-09-15,1600182457870,s3,https://s3.amazonaws.com/auxdata.johnsnowlabs.com/clinical/models/biobert_pubmed_base_cased_en_2.6.0_2.4_1600182457870.zip,biobert_pubmed_base_cased_en_2.6.0_2.4_1600182457870.zip,,BertEmbeddings,Contextual feature vectors based on biobert_pubmed_base_cased,https://github.com/naver/biobert-pretrained,John Snow Labs,"clinical,bert,embeddings,en",Licensed ,Healthcare,768,Trained on PubMed + MIMIC III corpora,Contextual embeddings representation using biobert_pubmed_base_cased,,,,True
1,clinical/models,Biobert Pubmed Large Cased,biobert_pubmed_large_cased,en,2.5.0,2.4,2020-09-16,1600240494946,s3,https://s3.amazonaws.com/auxdata.johnsnowlabs.com/clinical/models/biobert_pubmed_large_cased_en_2.6.0_2.4_1600240494946.zip,biobert_pubmed_large_cased_en_2.6.0_2.4_1600240494946.zip,,BertEmbeddings,Contextual feature vectors based on biobert_pubmed_large_cased,https://github.com/naver/biobert-pretrained,John Snow Labs,"clinical,bert,embeddings,en",Licensed ,Healthcare,768,Trained on PubMed + MIMIC III corpora,Contextual embeddings representation using biobert_pubmed_large_cased,,,,True
0,clinical/models,Biobert Pubmed Pmc Base Cased,biobert_pubmed_pmc_base_cased,en,2.5.0,2.4,2020-05-26,1590489367180,s3,https://s3.amazonaws.com/auxdata.johnsnowlabs.com/clinical/models/biobert_pubmed_pmc_base_cased_en_2.5.0_2.4_1590489367180.zip,biobert_pubmed_pmc_base_cased_en_2.5.0_2.4_1590489367180.zip,,BertEmbeddings,Contextual feature vectors based on biobert_pubmed_pmc_base_cased,https://github.com/naver/biobert-pretrained,John Snow Labs,"clinical,bert,embeddings,en",Licensed ,Healthcare,768,Trained on PubMed + MIMIC III corpora,Contextual embeddings representation using biobert_pubmed_pmc_base_cased,,,,True
1,clinical/models,ChunkResolver ICD10GM,chunkresolve_ICD10GM,de,2.5.5,2.4,2020-09-06,1599431635423,s3,https://s3.amazonaws.com/auxdata.johnsnowlabs.com/clinical/models/chunkresolve_ICD10GM_de_2.5.5_2.4_1599431635423.zip,chunkresolve_ICD10GM_de_2.5.5_2.4_1599431635423.zip,w2v_cc_300d,ChunkEntityResolverModel,Codes and their normalized definition with `clinical_embeddings`,,John Snow Labs,"clinical,entity_resolution,icd10gm,de",Licensed ,Healthcare,,FILLUP,,,,,True
1,clinical/models,ChunkResolver Athena Conditions Healthcare,chunkresolve_athena_conditions_healthcare,en,2.6.0,2.4,2020-09-16,1600265258887,s3,https://s3.amazonaws.com/auxdata.johnsnowlabs.com/clinical/models/chunkresolve_athena_conditions_healthcare_en_2.6.0_2.4_1600265258887.zip,chunkresolve_athena_conditions_healthcare_en_2.6.0_2.4_1600265258887.zip,embeddings_healthcare_100d,ChunkEntityResolverModel,Athena Codes and their normalized definition,,John Snow Labs,"clinical,entity_resolution,athena,conditions,en",Licensed ,Healthcare,,Trained on Athena dataset,,,,,True
1,clinical/models,ChunkResolver Cpt Clinical,chunkresolve_cpt_clinical,en,2.4.2,2.4,2020-04-21,1587491373378,s3,https://s3.amazonaws.com/auxdata.johnsnowlabs.com/clinical/models/chunkresolve_cpt_clinical_en_2.4.5_2.4_1587491373378.zip,chunkresolve_cpt_clinical_en_2.4.5_2.4_1587491373378.zip,embeddings_clinical,ChunkEntityResolverModel,chunkresolve_cpt_clinical Codes and their normalized definition,,John Snow Labs,"clinical,entity_resolution,cpt,en",Licensed ,Healthcare,,Trained on Current Procedural Terminology dataset,,,,,True
1,clinical/models,ChunkResolver Icd10cm Clinical,chunkresolve_icd10cm_clinical,en,2.4.2,2.4,2020-04-21,1587491222166,s3,https://s3.amazonaws.com/auxdata.johnsnowlabs.com/clinical/models/chunkresolve_icd10cm_clinical_en_2.4.5_2.4_1587491222166.zip,chunkresolve_icd10cm_clinical_en_2.4.5_2.4_1587491222166.zip,embeddings_clinical,ChunkEntityResolverModel,ICD10-CM Codes and their normalized definition with `clinical_embeddings`,https://www.icd10data.com/ICD10CM/Codes/,John Snow Labs,"clinical,entity_resolution,icd10,icd10cm,en",Licensed ,Healthcare,,Trained on ICD10 Clinical Modification datasetwith tenths of variations per code,,,,https://colab.research.google.com/github/JohnSnowLabs/spark-nlp-workshop/blob/master/jupyter/enterprise/healthcare/EntityResolution_ICD10_RxNorm_Detailed.ipynb,True
1,clinical/models,ChunkResolver Icd10cm Diseases Clinical,chunkresolve_icd10cm_diseases_clinical,en,2.4.5,2.4,2020-04-28,1588105984876,s3,https://s3.amazonaws.com/auxdata.johnsnowlabs.com/clinical/models/chunkresolve_icd10cm_diseases_clinical_en_2.4.5_2.4_1588105984876.zip,chunkresolve_icd10cm_diseases_clinical_en_2.4.5_2.4_1588105984876.zip,embeddings_clinical,ChunkEntityResolverModel,ICD10-CM Codes and their normalized definition with `clinical_embeddings`,https://www.icd10data.com/ICD10CM/Codes/,John Snow Labs,"clinical,entity_resolution,icd10,icd10cm,diseases,en",Licensed ,Healthcare,,Trained on ICD10CM Dataset Range: A000-N989 Except Neoplasms and Musculoskeletal,,,,,True
1,clinical/models,ChunkResolver Icd10cm Injuries Clinical,chunkresolve_icd10cm_injuries_clinical,en,2.4.5,2.4,2020-04-28,1588103825347,s3,https://s3.amazonaws.com/auxdata.johnsnowlabs.com/clinical/models/chunkresolve_icd10cm_injuries_clinical_en_2.4.5_2.4_1588103825347.zip,chunkresolve_icd10cm_injuries_clinical_en_2.4.5_2.4_1588103825347.zip,embeddings_clinical,ChunkEntityResolverModel,ICD10-CM Codes and their normalized definition with `clinical_embeddings`,https://www.icd10data.com/ICD10CM/Codes/S00-T88,John Snow Labs,"clinical,entity_resolution,icd10,icd10cm,injuries,en",Licensed ,Healthcare,,Trained on ICD10CM Dataset Range: S0000XA-S98929S ,,,,,True
1,clinical/models,ChunkResolver Icd10cm Musculoskeletal Clinical,chunkresolve_icd10cm_musculoskeletal_clinical,en,2.4.5,2.4,2020-04-28,1588103998999,s3,https://s3.amazonaws.com/auxdata.johnsnowlabs.com/clinical/models/chunkresolve_icd10cm_musculoskeletal_clinical_en_2.4.5_2.4_1588103998999.zip,chunkresolve_icd10cm_musculoskeletal_clinical_en_2.4.5_2.4_1588103998999.zip,embeddings_clinical,ChunkEntityResolverModel,ICD10-CM Codes and their normalized definition with `clinical_embeddings`,https://www.icd10data.com/ICD10CM/Codes/M00-M99,John Snow Labs,"clinical,entity_resolution,icd10,icd10cm,musculoeskeletal,en",Licensed ,Healthcare,,Trained on ICD10CM Dataset Range: M0000-M9979XXS,,,,,True
1,clinical/models,ChunkResolver Icd10cm Neoplasms Clinical,chunkresolve_icd10cm_neoplasms_clinical,en,2.4.5,2.4,2020-04-28,1588108205630,s3,https://s3.amazonaws.com/auxdata.johnsnowlabs.com/clinical/models/chunkresolve_icd10cm_neoplasms_clinical_en_2.4.5_2.4_1588108205630.zip,chunkresolve_icd10cm_neoplasms_clinical_en_2.4.5_2.4_1588108205630.zip,embeddings_clinical,ChunkEntityResolverModel,ICD10-CM Codes and their normalized definition with `clinical_embeddings`,https://www.icd10data.com/ICD10CM/Codes/C00-D49,John Snow Labs,"clinical,entity_resolution,icd10,icd10cm,neoplasms,en",Licensed ,Healthcare,,"Trained on ICD10CM Dataset Ranges: C000-D489, R590-R599",,,,,True
1,clinical/models,ChunkResolver Icd10cm Poison Ext Clinical,chunkresolve_icd10cm_poison_ext_clinical,en,2.4.5,2.4,2020-04-28,1588106053455,s3,https://s3.amazonaws.com/auxdata.johnsnowlabs.com/clinical/models/chunkresolve_icd10cm_poison_ext_clinical_en_2.4.5_2.4_1588106053455.zip,chunkresolve_icd10cm_poison_ext_clinical_en_2.4.5_2.4_1588106053455.zip,embeddings_clinical,ChunkEntityResolverModel,ICD10-CM Codes and their normalized definition with `clinical_embeddings`,https://www.icd10data.com/ICD10CM/Codes/S00-T88,John Snow Labs,"clinical,entity_resolution,icd10,icd10cm,poisoning,en",Licensed ,Healthcare,,Trained on ICD10CM Dataset Range: T1500XA-T879,,,,,True
1,clinical/models,ChunkResolver Icd10cm Puerile Clinical,chunkresolve_icd10cm_puerile_clinical,en,2.4.5,2.4,2020-04-28,1588103916781,s3,https://s3.amazonaws.com/auxdata.johnsnowlabs.com/clinical/models/chunkresolve_icd10cm_puerile_clinical_en_2.4.5_2.4_1588103916781.zip,chunkresolve_icd10cm_puerile_clinical_en_2.4.5_2.4_1588103916781.zip,embeddings_clinical,ChunkEntityResolverModel,ICD10-CM Codes and their normalized definition with `clinical_embeddings`,https://www.icd10data.com/ICD10CM/Codes/O00-O9A,John Snow Labs,"clinical,entity_resolution,icd10,icd10cm,pregnancy,infancy,en",Licensed ,Healthcare,,Trained on ICD10CM Dataset Range: O0000-O9989,,,,,True
1,clinical/models,ChunkResolver Icd10pcs Clinical,chunkresolve_icd10pcs_clinical,en,2.4.2,2.4,2020-04-21,1587491320087,s3,https://s3.amazonaws.com/auxdata.johnsnowlabs.com/clinical/models/chunkresolve_icd10pcs_clinical_en_2.4.5_2.4_1587491320087.zip,chunkresolve_icd10pcs_clinical_en_2.4.5_2.4_1587491320087.zip,embeddings_clinical,ChunkEntityResolverModel,ICD10-PCS Codes and their normalized definition with `clinical_embeddings`,https://www.icd10data.com/ICD10PCS/Codes,John Snow Labs,"clinical,entity_resolution,icd10,icd10pcs,en",Licensed ,Healthcare,,Trained on ICD10 Procedure Coding System dataset,,,,,True
1,clinical/models,ChunkResolver Icdo Clinical,chunkresolve_icdo_clinical,en,2.4.2,2.4,2020-04-21,1587491354644,s3,https://s3.amazonaws.com/auxdata.johnsnowlabs.com/clinical/models/chunkresolve_icdo_clinical_en_2.4.5_2.4_1587491354644.zip,chunkresolve_icdo_clinical_en_2.4.5_2.4_1587491354644.zip,embeddings_clinical,ChunkEntityResolverModel,ICD-O Codes and their normalized definition with `clinical_embeddings`,https://apps.who.int/iris/bitstream/handle/10665/96612/9789241548496_eng.pdf,John Snow Labs,"clinical,entity_resolution,icd10,icdo,en",Licensed ,Healthcare,,Trained on ICD-O Histology Behaviour dataset,,,,,True
1,clinical/models,ChunkResolver Loinc Clinical,chunkresolve_loinc_clinical,en,2.5.0,2.4,2020-05-16,1589599195201,s3,https://s3.amazonaws.com/auxdata.johnsnowlabs.com/clinical/models/chunkresolve_loinc_clinical_en_2.5.0_2.4_1589599195201.zip,chunkresolve_loinc_clinical_en_2.5.0_2.4_1589599195201.zip,embeddings_clinical,ChunkEntityResolverModel,LOINC Codes and ther Standard Name with `clinical_embeddings`,https://loinc.org/,John Snow Labs,"clinical,entity_resolution,loinc,en",Licensed ,Healthcare,,Trained on LOINC dataset with `embeddings_clinical`,,,,,True
1,clinical/models,ChunkResolver Rxnorm Cd Clinical,chunkresolve_rxnorm_cd_clinical,en,2.5.1,2.4,2020-07-27,1595813950836,s3,https://s3.amazonaws.com/auxdata.johnsnowlabs.com/clinical/models/chunkresolve_rxnorm_cd_clinical_en_2.5.1_2.4_1595813950836.zip,chunkresolve_rxnorm_cd_clinical_en_2.5.1_2.4_1595813950836.zip,embeddings_clinical,ChunkEntityResolverModel,RxNorm Codes and their normalized definition with `clinical_embeddings`,https://www.nlm.nih.gov/pubs/techbull/nd19/brief/nd19_rxnorm_december_2019_release.html,John Snow Labs,"clinical,entity_resolution,rxnorm,cd,en",Licensed ,Healthcare,,Trained on December 2019 RxNorm Clinical Drugs (TTY=CD) ontology graph with `embeddings_clinical`,,,,,True
1,clinical/models,ChunkResolver Rxnorm Sbd Clinical,chunkresolve_rxnorm_sbd_clinical,en,2.5.1,2.4,2020-07-27,1595813912622,s3,https://s3.amazonaws.com/auxdata.johnsnowlabs.com/clinical/models/chunkresolve_rxnorm_sbd_clinical_en_2.5.1_2.4_1595813912622.zip,chunkresolve_rxnorm_sbd_clinical_en_2.5.1_2.4_1595813912622.zip,embeddings_clinical,ChunkEntityResolverModel,RxNorm Codes and their normalized definition with `clinical_embeddings`,https://www.nlm.nih.gov/pubs/techbull/nd19/brief/nd19_rxnorm_december_2019_release.html,John Snow Labs,"clinical,entity_resolution,rxnorm,sbd,en",Licensed ,Healthcare,,Trained on December 2019 RxNorm Clinical Drugs (TTY=SBD) ontology graph with `embeddings_clinical`,,,,,True
1,clinical/models,ChunkResolver Rxnorm Scd Clinical,chunkresolve_rxnorm_scd_clinical,en,2.5.1,2.4,2020-07-27,1595813884363,s3,https://s3.amazonaws.com/auxdata.johnsnowlabs.com/clinical/models/chunkresolve_rxnorm_scd_clinical_en_2.5.1_2.4_1595813884363.zip,chunkresolve_rxnorm_scd_clinical_en_2.5.1_2.4_1595813884363.zip,embeddings_clinical,ChunkEntityResolverModel,RxNorm Codes and their normalized definition with `clinical_embeddings`,https://www.nlm.nih.gov/pubs/techbull/nd19/brief/nd19_rxnorm_december_2019_release.html,John Snow Labs,"clinical,entity_resolution,rxnorm,scd,en",Licensed ,Healthcare,,Trained on December 2019 RxNorm Clinical Drugs (TTY=SCD) ontology graph with `embeddings_clinical`,,,,,True
1,clinical/models,ChunkResolver Rxnorm Xsmall Clinical,chunkresolve_rxnorm_xsmall_clinical,en,2.5.2,2.4,2020-06-24,1592959394598,s3,https://s3.amazonaws.com/auxdata.johnsnowlabs.com/clinical/models/chunkresolve_rxnorm_xsmall_clinical_en_2.5.2_2.4_1592959394598.zip,chunkresolve_rxnorm_xsmall_clinical_en_2.5.2_2.4_1592959394598.zip,embeddings_clinical,ChunkEntityResolverModel,Snomed Codes and their normalized definition with `clinical_embeddings`,http://www.snomed.org/,John Snow Labs,"clinical,entity_resolution,rxnorm,scd,en",Licensed ,Healthcare,,Trained on December 2019 RxNorm Subset,,,,https://colab.research.google.com/github/JohnSnowLabs/spark-nlp-workshop/blob/master/tutorials/Certification_Trainings/Healthcare/13.Snomed_Entity_Resolver_Model_Training.ipynb,True
1,clinical/models,ChunkResolver Snomed Findings Clinical,chunkresolve_snomed_findings_clinical,en,2.5.1,2.4,2020-06-20,1592617161564,s3,https://s3.amazonaws.com/auxdata.johnsnowlabs.com/clinical/models/chunkresolve_snomed_findings_clinical_en_2.5.1_2.4_1592617161564.zip,chunkresolve_snomed_findings_clinical_en_2.5.1_2.4_1592617161564.zip,embeddings_clinical,ChunkEntityResolverModel,Snomed Codes and their normalized definition with `clinical_embeddings`,http://www.snomed.org/,John Snow Labs,"clinical,entity_resolution,snomed,findings,en",Licensed ,Healthcare,,Trained on SNOMED CT Findings,,,,https://colab.research.google.com/github/JohnSnowLabs/spark-nlp-workshop/blob/master/tutorials/Certification_Trainings/Healthcare/13.Snomed_Entity_Resolver_Model_Training.ipynb,True
0,clinical/models,Classifierdl Biobert Adverse Events,classifierdl_biobert_ade,en,2.6.0,2.4,2020-09-15,1600201949450,s3,https://s3.amazonaws.com/auxdata.johnsnowlabs.com/clinical/models/classifierdl_biobert_ade_en_2.6.0_2.4_1600201949450.zip,classifierdl_biobert_ade_en_2.6.0_2.4_1600201949450.zip,FILLUP,ClassifierDLModel,FILLUP,FILLUP,John Snow Labs,"clinical,classifier,dl,biobert,ade,en",Licensed ,Healthcare,,FILLUP,,,,,
0,clinical/models,Clinical Analysis,clinical_analysis,en,2.4.0,2.4,2020-02-01,1580600773378,s3,https://s3.amazonaws.com/auxdata.johnsnowlabs.com/clinical/models/clinical_analysis_en_2.4.0_2.4_1580600773378.zip,clinical_analysis_en_2.4.0_2.4_1580600773378.zip,,PipelineModel,,,John Snow Labs,"clinical,pipeline,analysis,en",Licensed ,Healthcare,,,,,,https://colab.research.google.com/github/JohnSnowLabs/spark-nlp-workshop/blob/master/tutorials/Certification_Trainings/Healthcare/11.Pretrained_Clinical_Pipelines.ipynb,
0,clinical/models,Clinical Deidentification,clinical_deidentification,en,2.4.0,2.4,2020-01-31,1580481115376,s3,https://s3.amazonaws.com/auxdata.johnsnowlabs.com/clinical/models/clinical_deidentification_en_2.4.0_2.4_1580481115376.zip,clinical_deidentification_en_2.4.0_2.4_1580481115376.zip,,PipelineModel,,,John Snow Labs,,Licensed ,Healthcare,,,,,,https://colab.research.google.com/github/JohnSnowLabs/spark-nlp-workshop/blob/master/tutorials/Certification_Trainings/Healthcare/11.Pretrained_Clinical_Pipelines.ipynb,
0,clinical/models,Clinical Ner Assertion,clinical_ner_assertion,en,2.4.0,2.4,2020-01-31,1580481098096,s3,https://s3.amazonaws.com/auxdata.johnsnowlabs.com/clinical/models/clinical_ner_assertion_en_2.4.0_2.4_1580481098096.zip,clinical_ner_assertion_en_2.4.0_2.4_1580481098096.zip,,PipelineModel,,,John Snow Labs,,Licensed ,Healthcare,,,,,,https://colab.research.google.com/github/JohnSnowLabs/spark-nlp-workshop/blob/master/tutorials/Certification_Trainings/Healthcare/11.Pretrained_Clinical_Pipelines.ipynb,
0,clinical/models,Deidentify DL,deidentify_dl,en,2.4.0,2.4,2020-01-28,1580237286004,s3,https://s3.amazonaws.com/auxdata.johnsnowlabs.com/clinical/models/deidentify_dl_en_2.4.0_2.4_1580237286004.zip,deidentify_dl_en_2.4.0_2.4_1580237286004.zip,embeddings_clinical,NerDLModel,"AGE,BIOID,CITY,COUNTRY,DATE,DOCTOR,EMAIL,FAX,HEALTHPLAN,HOSPITAL,IDNUM,MEDICALRECORD,ORGANIZATION,OTHER,PATIENT,PHONE,PROFESSION,STATE,STREET,USERNAME,X,ZIP",,John Snow Labs,,Licensed ,Healthcare,,Rule based DeIdentifier based on `ner_deid`,,,,,
1,clinical/models,Deidentify Large,deidentify_large,en,2.5.1,2.4,2020-07-19,1595199111307,s3,https://s3.amazonaws.com/auxdata.johnsnowlabs.com/clinical/models/deidentify_large_en_2.5.1_2.4_1595199111307.zip,deidentify_large_en_2.5.1_2.4_1595199111307.zip,ner_deid_large,DeIdentificationModel,"Contact, Location, Name, Profession",https://portal.dbmi.hms.harvard.edu/projects/n2c2-2014/,John Snow Labs,"clinical,deidentification,regex,large,en",Licensed ,Healthcare,,"Trained on 10.000 Contact, Location, Name and Profession random replacements","Deidentify (Large) is a deidentification model. It identifies instances of protected health information in text documents, and it can either obfuscate them (e.g., replacing names with different, fake names) or mask them (e.g., replacing ""2020,06,04"" with ""<DATE>""). This model is useful for maintaining HIPAA compliance when dealing with text documents that contain protected health information.",https://demo.johnsnowlabs.com/healthcare/DEID_PHI_TEXT,,https://colab.research.google.com/github/JohnSnowLabs/spark-nlp-workshop/blob/master/tutorials/Certification_Trainings/Healthcare/4.Clinical_DeIdentificiation.ipynb,
1,clinical/models,Deidentify RB,deidentify_rb,en,2.0.2,2.4,2019-06-04,1559672122511,s3,https://s3.amazonaws.com/auxdata.johnsnowlabs.com/clinical/models/deidentify_rb_en_2.0.2_2.4_1559672122511.zip,deidentify_rb_en_2.0.2_2.4_1559672122511.zip,ner_deid,DeIdentificationModel,Personal Information in order to deidentify,,John Snow Labs,"clinical,deidentification,regex,en",Licensed ,Healthcare,,Rule based DeIdentifier based on `ner_deid`,,,,,
1,clinical/models,Deidentify RB No Regex,deidentify_rb_no_regex,en,2.4.5,2.4,2020-05-19,1589924063833,s3,https://s3.amazonaws.com/auxdata.johnsnowlabs.com/clinical/models/deidentify_rb_no_regex_en_2.5.0_2.4_1589924063833.zip,deidentify_rb_no_regex_en_2.5.0_2.4_1589924063833.zip,ner_deid,DeIdentificationModel,Personal Information in order to deidentify,,John Snow Labs,"clinical,deidentification,en",Licensed ,Healthcare,,Rule based DeIdentifier based on `ner_deid`,,,,,
1,clinical/models,Embeddings BioVec,embeddings_biovec,en,2.5.0,2.4,2020-06-02,1591068211397,s3,https://s3.amazonaws.com/auxdata.johnsnowlabs.com/clinical/models/embeddings_biovec_en_2.5.0_2.4_1591068211397.zip,embeddings_biovec_en_2.5.0_2.4_1591068211397.zip,,WordEmbeddingsModel,Word2Vec feature vectors based on embeddings_biovec,https://github.com/ncbi-nlp/BioSentVec,John Snow Labs,"clinical,embeddings,pubmed,en",Licensed ,Healthcare,300,Trained on PubMed corpora,,,,,
1,clinical/models,Embeddings Clinical,embeddings_clinical,en,2.4.0,2.4,2020-01-28,1580237286004,s3,https://s3.amazonaws.com/auxdata.johnsnowlabs.com/clinical/models/embeddings_clinical_en_2.4.0_2.4_1580237286004.zip,embeddings_clinical_en_2.4.0_2.4_1580237286004.zip,,WordEmbeddingsModel,Word2Vec feature vectors based on embeddings_clinical,https://www.nlm.nih.gov/databases/download/pubmed_medline.html,John Snow Labs,"clinical,embeddings,pubmed,umls,mimic,en",Licensed ,Healthcare,200,Trained on PubMed corpora,,,,,
1,clinical/models,Embeddings Healthcare,embeddings_healthcare,en,2.4.4,2.4,2020-03-26,1585188313964,s3,https://s3.amazonaws.com/auxdata.johnsnowlabs.com/clinical/models/embeddings_healthcare_en_2.4.4_2.4_1585188313964.zip,embeddings_healthcare_en_2.4.4_2.4_1585188313964.zip,,WordEmbeddingsModel,Word2Vec feature vectors based on embeddings_healthcare,https://www.nlm.nih.gov/databases/download/pubmed_medline.html,John Snow Labs,"clinical,embeddings,pubmed,umls,mimic,en",Licensed ,Healthcare,400,Trained on PubMed + ICD10 + UMLS + MIMIC III corpora,,,,,
1,clinical/models,Embeddings Healthcare 100 dims,embeddings_healthcare_100d,en,2.5.0,2.4,2020-05-29,1590794626292,s3,https://s3.amazonaws.com/auxdata.johnsnowlabs.com/clinical/models/embeddings_healthcare_100d_en_2.5.0_2.4_1590794626292.zip,embeddings_healthcare_100d_en_2.5.0_2.4_1590794626292.zip,,WordEmbeddingsModel,Word2Vec feature vectors based on embeddings_healthcare_100d,https://www.nlm.nih.gov/databases/download/pubmed_medline.html,John Snow Labs,"clinical,embeddings,pubmed,umls,mimic,en",Licensed ,Healthcare,100,Trained on PubMed + ICD10 + UMLS + MIMIC III corpora,,,,,
1,clinical/models,Embeddings Scielo 150 dims,embeddings_scielo_150d,es,2.5.0,2.4,2020-05-26,1590467082526,s3,https://s3.amazonaws.com/auxdata.johnsnowlabs.com/clinical/models/embeddings_scielo_150d_es_2.5.0_2.4_1590467082526.zip,embeddings_scielo_150d_es_2.5.0_2.4_1590467082526.zip,,WordEmbeddingsModel,Word2Vec feature vectors based on embeddings_scielo_150d,https://zenodo.org/record/3744326#.XtViinVKh_U,John Snow Labs,"clinical,embeddings,scielo,es",Licensed ,Healthcare,150,Trained on Scielo Articles,,,,,
1,clinical/models,Embeddings Scielo 300 dims,embeddings_scielo_300d,es,2.5.0,2.4,2020-05-26,1590467138742,s3,https://s3.amazonaws.com/auxdata.johnsnowlabs.com/clinical/models/embeddings_scielo_300d_es_2.5.0_2.4_1590467138742.zip,embeddings_scielo_300d_es_2.5.0_2.4_1590467138742.zip,,WordEmbeddingsModel,Word2Vec feature vectors based on embeddings_scielo_300d,https://zenodo.org/record/3744326#.XtViinVKh_U,John Snow Labs,"clinical,embeddings,scielo,es",Licensed ,Healthcare,300,Trained on Scielo Articles,,,,,
1,clinical/models,Embeddings Scielo 50 dims,embeddings_scielo_50d,es,2.5.0,2.4,2020-05-26,1590467114993,s3,https://s3.amazonaws.com/auxdata.johnsnowlabs.com/clinical/models/embeddings_scielo_50d_es_2.5.0_2.4_1590467114993.zip,embeddings_scielo_50d_es_2.5.0_2.4_1590467114993.zip,,WordEmbeddingsModel,Word2Vec feature vectors based on embeddings_scielo_50d,https://zenodo.org/record/3744326#.XtViinVKh_U,John Snow Labs,"clinical,embeddings,scielo,es",Licensed ,Healthcare,50,Trained on Scielo Articles,,,,,
1,clinical/models,Embeddings Scielowiki 150 dims,embeddings_scielowiki_150d,es,2.5.0,2.4,2020-05-26,1590467545910,s3,https://s3.amazonaws.com/auxdata.johnsnowlabs.com/clinical/models/embeddings_scielowiki_150d_es_2.5.0_2.4_1590467545910.zip,embeddings_scielowiki_150d_es_2.5.0_2.4_1590467545910.zip,,WordEmbeddingsModel,Word2Vec feature vectors based on embeddings_scielowiki_150d,https://zenodo.org/record/3744326#.XtViinVKh_U,John Snow Labs,"clinical,embeddings,scielo,wikipedia,es",Licensed ,Healthcare,150,Trained on Scielo Articles + Clinical Wikipedia Articles,,,,,
1,clinical/models,Embeddings Scielowiki 300 dims,embeddings_scielowiki_300d,es,2.5.0,2.4,2020-05-26,1590467643391,s3,https://s3.amazonaws.com/auxdata.johnsnowlabs.com/clinical/models/embeddings_scielowiki_300d_es_2.5.0_2.4_1590467643391.zip,embeddings_scielowiki_300d_es_2.5.0_2.4_1590467643391.zip,,WordEmbeddingsModel,Word2Vec feature vectors based on embeddings_scielowiki_300d,https://zenodo.org/record/3744326#.XtViinVKh_U,John Snow Labs,"clinical,embeddings,scielo,wikipedia,es",Licensed ,Healthcare,300,Trained on Scielo Articles + Clinical Wikipedia Articles,,,,,
1,clinical/models,Embeddings Scielowiki 50 dims,embeddings_scielowiki_50d,es,2.5.0,2.4,2020-05-26,1590467602230,s3,https://s3.amazonaws.com/auxdata.johnsnowlabs.com/clinical/models/embeddings_scielowiki_50d_es_2.5.0_2.4_1590467602230.zip,embeddings_scielowiki_50d_es_2.5.0_2.4_1590467602230.zip,,WordEmbeddingsModel,Word2Vec feature vectors based on embeddings_scielowiki_50d,https://zenodo.org/record/3744326#.XtViinVKh_U,John Snow Labs,"clinical,embeddings,scielo,wikipedia,es",Licensed ,Healthcare,50,Trained on Scielo Articles + Clinical Wikipedia Articles,,,,,
1,clinical/models,Embeddings Sciwiki 150 dims,embeddings_sciwiki_150d,es,2.5.0,2.4,2020-05-27,1590609340084,s3,https://s3.amazonaws.com/auxdata.johnsnowlabs.com/clinical/models/embeddings_sciwiki_150d_es_2.5.0_2.4_1590609340084.zip,embeddings_sciwiki_150d_es_2.5.0_2.4_1590609340084.zip,,WordEmbeddingsModel,Word2Vec feature vectors based on embeddings_sciwiki_150d,https://zenodo.org/record/3744326#.XtViinVKh_U,John Snow Labs,"clinical,embeddings,wikipedia,es",Licensed ,Healthcare,150,Trained on Clinical Wikipedia Articles,,,,,
1,clinical/models,Embeddings Sciwiki 300 dims,embeddings_sciwiki_300d,es,2.5.0,2.4,2020-05-27,1590609454054,s3,https://s3.amazonaws.com/auxdata.johnsnowlabs.com/clinical/models/embeddings_sciwiki_300d_es_2.5.0_2.4_1590609454054.zip,embeddings_sciwiki_300d_es_2.5.0_2.4_1590609454054.zip,,WordEmbeddingsModel,Word2Vec feature vectors based on embeddings_sciwiki_300d,https://zenodo.org/record/3744326#.XtViinVKh_U,John Snow Labs,"clinical,embeddings,wikipedia,es",Licensed ,Healthcare,300,Trained on Clinical Wikipedia Articles,,,,,
1,clinical/models,Embeddings Sciwiki 50 dims,embeddings_sciwiki_50d,es,2.5.0,2.4,2020-05-27,1590609287349,s3,https://s3.amazonaws.com/auxdata.johnsnowlabs.com/clinical/models/embeddings_sciwiki_50d_es_2.5.0_2.4_1590609287349.zip,embeddings_sciwiki_50d_es_2.5.0_2.4_1590609287349.zip,,WordEmbeddingsModel,Word2Vec feature vectors based on embeddings_sciwiki_50d,https://zenodo.org/record/3744326#.XtViinVKh_U,John Snow Labs,"clinical,embeddings,wikipedia,es",Licensed ,Healthcare,50,Trained on Clinical Wikipedia Articles,,,,,
1,clinical/models,Explain Clinical Doc Clinical Assertion Relation Posology,explain_clinical_doc_carp,en,2.5.5,2.4,2020-08-19,1597841630062,s3,https://s3.amazonaws.com/auxdata.johnsnowlabs.com/clinical/models/explain_clinical_doc_carp_en_2.5.5_2.4_1597841630062.zip,explain_clinical_doc_carp_en_2.5.5_2.4_1597841630062.zip,,PipelineModel,,,John Snow Labs,"clinical,pipeline,ner,assertion,relation,posology,en",Licensed ,Healthcare,,,"A pretrained pipeline with ner_clinical, assertion_dl, re_clinical and ner_posology. It will extract clinical and medication entities, assign assertion status and find relationships between clinical entities.",,"- ner_clinical
- assertion_dl
- re_clinical
- ner_posology",https://colab.research.google.com/github/JohnSnowLabs/spark-nlp-workshop/blob/master/tutorials/Certification_Trainings/Healthcare/11.Pretrained_Clinical_Pipelines.ipynb,
1,clinical/models,Explain Clinical Doc Clinical Relation Assertion,explain_clinical_doc_cra,en,2.5.5,2.4,2020-08-19,1597846145640,s3,https://s3.amazonaws.com/auxdata.johnsnowlabs.com/clinical/models/explain_clinical_doc_cra_en_2.5.5_2.4_1597846145640.zip,explain_clinical_doc_cra_en_2.5.5_2.4_1597846145640.zip,,PipelineModel,,,John Snow Labs,"clinical,pipeline,ner,assertion,relation,en",Licensed ,Healthcare,,,"A pretrained pipeline with ner_clinical, assertion_dl, re_clinical. It will extract clinical entities, assign assertion status and find relationships between clinical entities.",,"- ner_clinical
- assertion_dl
- re_clinical",https://colab.research.google.com/github/JohnSnowLabs/spark-nlp-workshop/blob/master/tutorials/Certification_Trainings/Healthcare/11.Pretrained_Clinical_Pipelines.ipynb,
1,clinical/models,Explain Clinical Doc Events Relation Assertion,explain_clinical_doc_era,en,2.5.5,2.4,2020-08-19,1597845753750,s3,https://s3.amazonaws.com/auxdata.johnsnowlabs.com/clinical/models/explain_clinical_doc_era_en_2.5.5_2.4_1597845753750.zip,explain_clinical_doc_era_en_2.5.5_2.4_1597845753750.zip,,PipelineModel,,,John Snow Labs,"clinical,pipeline,ner,events,assertion,relation,en",Licensed ,Healthcare,,,"A pretrained pipeline with ner_clinical_events, assertion_dl and re_temporal_events_clinical. It will extract clinical entities, assign assertion status and find temporal relationships between clinical entities",,"- ner_clinical_events
- assertion_dl
- re_temporal_events_clinical",https://colab.research.google.com/github/JohnSnowLabs/spark-nlp-workshop/blob/master/tutorials/Certification_Trainings/Healthcare/11.Pretrained_Clinical_Pipelines.ipynb,
1,clinical/models,Ner DL Model Anatomy,ner_anatomy,en,2.4.2,2.4,2020-04-21,1587513307751,s3,https://s3.amazonaws.com/auxdata.johnsnowlabs.com/clinical/models/ner_anatomy_en_2.4.2_2.4_1587513307751.zip,ner_anatomy_en_2.4.2_2.4_1587513307751.zip,embeddings_clinical,NerDLModel,"Anatomical_system,Cell,Cellular_component,Developing_anatomical_structure,Immaterial_anatomical_entity,Organ,Organism_subdivision,Organism_substance,Pathological_formation,Tissue,tissue_structure",http://www.nactem.ac.uk/anatomy/,John Snow Labs,"clinical,ner,dl,anatomy,anem,en",Licensed ,Healthcare,,Trained on the Anatomical Entity Mention (AnEM) corpus with `embeddings_clinical`,Pretrained named entity recognition deep learning model for anatomy terms.,,,https://colab.research.google.com/github/JohnSnowLabs/spark-nlp-workshop/blob/master/tutorials/Certification_Trainings/Healthcare/1.Clinical_Named_Entity_Recognition_Model.ipynb,False
1,clinical/models,Ner DL Model Bionlp,ner_bionlp,en,2.4.0,2.4,2020-01-28,1580237286004,s3,https://s3.amazonaws.com/auxdata.johnsnowlabs.com/clinical/models/ner_bionlp_en_2.4.0_2.4_1580237286004.zip,ner_bionlp_en_2.4.0_2.4_1580237286004.zip,embeddings_clinical,NerDLModel,"Amino_acid,Anatomical_system,Cancer,Cell,Cellular_component,Developing_anatomical_structure,Gene_or_gene_product,Immaterial_anatomical_entity,Organ,Organism,Organism_subdivision,Organism_substance,Pathological_formation,Simple_chemical,Tissue,tissue_structure",http://2013.bionlp-st.org/tasks/cancer-genetics,John Snow Labs,"clinical,ner,dl,cancer,genetics,bionlp,en",Licensed ,Healthcare,,Trained on Cancer Genetics (CG) task of the BioNLP Shared Task 2013 with `embeddings_clinical`,Pretrained named entity recognition deep learning model for biology and genetics terms.,https://demo.johnsnowlabs.com/healthcare/NER_TUMOR,,https://colab.research.google.com/github/JohnSnowLabs/spark-nlp-workshop/blob/master/tutorials/Certification_Trainings/Healthcare/1.Clinical_Named_Entity_Recognition_Model.ipynb,False
1,clinical/models,Ner DL Model Cancer Genetics,ner_cancer_genetics,en,2.4.2,2.4,2020-04-22,1587567870408,s3,https://s3.amazonaws.com/auxdata.johnsnowlabs.com/clinical/models/ner_cancer_genetics_en_2.4.2_2.4_1587567870408.zip,ner_cancer_genetics_en_2.4.2_2.4_1587567870408.zip,embeddings_clinical,NerDLModel,"DNA,RNA,cell_line,cell_type,protein",http://2013.bionlp-st.org/tasks/cancer-genetics,John Snow Labs,"clinical,ner,dl,cancer,genetics,bionlp,en",Licensed ,Healthcare,,Trained on Cancer Genetics (CG) task of the BioNLP Shared Task 2013 with `embeddings_clinical`,Pretrained named entity recognition deep learning model for biology and genetics terms.,,,https://colab.research.google.com/github/JohnSnowLabs/spark-nlp-workshop/blob/master/tutorials/Certification_Trainings/Healthcare/1.Clinical_Named_Entity_Recognition_Model.ipynb,
1,clinical/models,Ner DL Model Cellular,ner_cellular,en,2.4.2,2.4,2020-04-21,1587513308751,s3,https://s3.amazonaws.com/auxdata.johnsnowlabs.com/clinical/models/ner_cellular_en_2.4.2_2.4_1587513308751.zip,ner_cellular_en_2.4.2_2.4_1587513308751.zip,embeddings_clinical,NerDLModel,"DNA,RNA,cell_line,cell_type,protein",http://www.geniaproject.org/,John Snow Labs,"clinical,ner,dl,cellular,jnlpba,en",Licensed ,Healthcare,,Trained on the JNLPBA corpus containing more than 2.404 publication abstracts with `embeddings_clinical`,Pretrained named entity recognition deep learning model for molecular biology related terms.,,,https://colab.research.google.com/github/JohnSnowLabs/spark-nlp-workshop/blob/master/tutorials/Certification_Trainings/Healthcare/1.Clinical_Named_Entity_Recognition_Model.ipynb,False
0,clinical/models,Ner DL Model Chemicals and Proteins,ner_chemprot_clinical,en,2.5.5,2.4,2020-09-06,1599360199717,s3,https://s3.amazonaws.com/auxdata.johnsnowlabs.com/clinical/models/ner_chemprot_clinical_en_2.5.5_2.4_1599360199717.zip,ner_chemprot_clinical_en_2.5.5_2.4_1599360199717.zip,embeddings_clinical,NerDLModel,"CHEMICAL,N,Y",FILLUP,John Snow Labs,,Licensed ,Healthcare,,FILLUP,,,,https://colab.research.google.com/github/JohnSnowLabs/spark-nlp-workshop/blob/master/tutorials/Certification_Trainings/Healthcare/1.Clinical_Named_Entity_Recognition_Model.ipynb,
1,clinical/models,Ner DL Model Clinical,ner_clinical,en,2.4.0,2.4,2020-01-28,1580237286004,s3,https://s3.amazonaws.com/auxdata.johnsnowlabs.com/clinical/models/ner_clinical_en_2.4.0_2.4_1580237286004.zip,ner_clinical_en_2.4.0_2.4_1580237286004.zip,embeddings_clinical,NerDLModel,"Problem, Test, Treatment",https://portal.dbmi.hms.harvard.edu/projects/n2c2-nlp,John Snow Labs,"clinical,ner,dl,n2c2,en",Licensed ,Healthcare,,"Trained on 2010 i2b2/VA challenge on concepts, assertions, and relations in clinical text with `embeddings_clinical`",Pretrained named entity recognition deep learning model for clinical terms.,,,https://colab.research.google.com/github/JohnSnowLabs/spark-nlp-workshop/blob/master/tutorials/Certification_Trainings/Healthcare/1.Clinical_Named_Entity_Recognition_Model.ipynb,False
1,clinical/models,Ner DL Model Clinical (Large),ner_clinical_large,en,2.5.0,2.4,2020-05-21,1590021302624,s3,https://s3.amazonaws.com/auxdata.johnsnowlabs.com/clinical/models/ner_clinical_large_en_2.5.0_2.4_1590021302624.zip,ner_clinical_large_en_2.5.0_2.4_1590021302624.zip,embeddings_clinical,NerDLModel,"Problem, Test, Treatment",https://portal.dbmi.hms.harvard.edu/projects/n2c2-nlp/,John Snow Labs,"clinical,ner,n2c2,large,en",Licensed ,Healthcare,,Trained on i2b2 augmented data with `clinical_embeddings`,"Clinical NER (Large) is a Named Entity Recognition model that annotates text to find references to clinical events. The entities it annotates are Problem, Treatment, and Test. Clinical NER is trained with the 'embeddings_clinical' word embeddings model, so be sure to use the same embeddings in the pipeline.",https://demo.johnsnowlabs.com/healthcare/NER_EVENTS_CLINICAL,,https://colab.research.google.com/github/JohnSnowLabs/spark-nlp-workshop/blob/master/tutorials/streamlit_notebooks/healthcare/NER_EVENTS_CLINICAL.ipynb,False
0,clinical/models,Ner CRF Model Clinical,ner_crf,en,2.4.0,2.4,2020-01-28,1580237286004,s3,https://s3.amazonaws.com/auxdata.johnsnowlabs.com/clinical/models/ner_crf_en_2.4.0_2.4_1580237286004.zip,ner_crf_en_2.4.0_2.4_1580237286004.zip,embeddings_clinical,NerCrfModel,"Problem, Test, Treatment",FILLUP,John Snow Labs,,Licensed ,Healthcare,,Trained on i2b2 augmented data with `clinical_embeddings`,"Clinical NER (Large) is a Named Entity Recognition model that annotates text to find references to clinical events. The entities it annotates are Problem, Treatment, and Test. Clinical NER is trained with the 'embeddings_clinical' word embeddings model, so be sure to use the same embeddings in the pipeline.",,,,
1,clinical/models,Deidentification NER (Enriched),ner_deid_enriched,en,2.4.2,2.4,2020-07-08,1594170530497,s3,https://s3.amazonaws.com/auxdata.johnsnowlabs.com/clinical/models/ner_deid_enriched_en_2.5.3_2.4_1594170530497.zip,ner_deid_enriched_en_2.5.3_2.4_1594170530497.zip,embeddings_clinical,NerDLModel,"Age, City, Country, Date, Doctor, Hospital, Idnum, Medicalrecord, Organization, Patient, Phone, Profession, State, Street, Username, Zip",https://portal.dbmi.hms.harvard.edu/projects/n2c2-2014/,John Snow Labs,"clinical,ner,deid,en",Licensed ,Healthcare,,Trained on JSL enriched n2c2 2014: De-identification and Heart Disease Risk Factors Challenge datasets with `embeddings_clinical`,"Deidentification NER (Enriched) is a Named Entity Recognition model that annotates text to find protected health information that may need to be deidentified. The entities it annotates are Age, City, Country, Date, Doctor, Hospital, Idnum, Medicalrecord, Organization, Patient, Phone, Profession, State, Street, Username, and Zip. Clinical NER is trained with the 'embeddings_clinical' word embeddings model, so be sure to use the same embeddings in the pipeline.",https://demo.johnsnowlabs.com/healthcare/NER_DEMOGRAPHICS,,https://colab.research.google.com/github/JohnSnowLabs/spark-nlp-workshop/blob/master/tutorials/streamlit_notebooks/healthcare/NER_DEMOGRAPHICS.ipynb,False
1,clinical/models,Deidentification NER (Large),ner_deid_large,en,2.4.2,2.4,2020-07-22,1595427435246,s3,https://s3.amazonaws.com/auxdata.johnsnowlabs.com/clinical/models/ner_deid_large_en_2.5.3_2.4_1595427435246.zip,ner_deid_large_en_2.5.3_2.4_1595427435246.zip,embeddings_clinical,NerDLModel,"Age, Contact, Date, Id, Location, Name, Profession",https://portal.dbmi.hms.harvard.edu/projects/n2c2-2014/,John Snow Labs,"clinical,ner,deid,en",Licensed ,Healthcare,,Trained on plain n2c2 2014: De-identification and Heart Disease Risk Factors Challenge datasets with `embeddings_clinical`,"Deidentification NER (Large) is a Named Entity Recognition model that annotates text to find protected health information that may need to be deidentified. The entities it annotates are Age, Contact, Date, Id, Location, Name, and Profession. Clinical NER is trained with the 'embeddings_clinical' word embeddings model, so be sure to use the same embeddings in the pipeline.",https://demo.johnsnowlabs.com/healthcare/NER_DEMOGRAPHICS,,https://colab.research.google.com/github/JohnSnowLabs/spark-nlp-workshop/blob/master/tutorials/streamlit_notebooks/healthcare/NER_DEMOGRAPHICS.ipynb,False
1,clinical/models,Ner DL Model Clinical,ner_diag_proc,es,2.5.3,2.4,2020-07-08,1594168623415,s3,https://s3.amazonaws.com/auxdata.johnsnowlabs.com/clinical/models/ner_diag_proc_es_2.5.3_2.4_1594168623415.zip,ner_diag_proc_es_2.5.3_2.4_1594168623415.zip,embeddings_scielowiki_300d,NerDLModel,"Diagnostico, Procedimiento",https://temu.bsc.es/codiesp/,John Snow Labs,"clinical,ner,codiesp,es",Licensed ,Healthcare,,Trained on CodiEsp Challenge dataset trained with `embeddings_scielowiki_300d`,Pretrained named entity recognition deep learning model for diagnostics and procedures in spanish,,,,
1,clinical/models,Ner DL Model Diseases,ner_diseases,en,2.4.4,2.4,2020-03-17,1584452534235,s3,https://s3.amazonaws.com/auxdata.johnsnowlabs.com/clinical/models/ner_diseases_en_2.4.4_2.4_1584452534235.zip,ner_diseases_en_2.4.4_2.4_1584452534235.zip,embeddings_clinical,NerDLModel,Disease,,John Snow Labs,"clinical,ner,dl,n2c2,en",Licensed ,Healthcare,,Trained on i2b2 with `embeddings_clinical`,Pretrained named entity recognition deep learning model for diseases.,,,https://colab.research.google.com/github/JohnSnowLabs/spark-nlp-workshop/blob/master/tutorials/Certification_Trainings/Healthcare/1.Clinical_Named_Entity_Recognition_Model.ipynb,False
1,clinical/models,Ner DL Model Drugs,ner_drugs,en,2.4.4,2.4,2020-03-17,1584452534235,s3,https://s3.amazonaws.com/auxdata.johnsnowlabs.com/clinical/models/ner_drugs_en_2.4.4_2.4_1584452534235.zip,ner_drugs_en_2.4.4_2.4_1584452534235.zip,embeddings_clinical,NerDLModel,DrugChem (Drug and Chemicals),https://www.i2b2.org/NLP/Medication,John Snow Labs,"clinical,ner,dl,n2c2,en",Licensed ,Healthcare,,Trained on i2b2_med7 + FDA with `embeddings_clinical`.,Pretrained named entity recognition deep learning model for Drugs.,,,https://colab.research.google.com/github/JohnSnowLabs/spark-nlp-workshop/blob/master/tutorials/Certification_Trainings/Healthcare/1.Clinical_Named_Entity_Recognition_Model.ipynb,False
1,clinical/models,Ner DL Model Events `embeddings_clinical`,ner_events_clinical,en,2.5.0,2.4,2020-08-18,1597775531760,s3,https://s3.amazonaws.com/auxdata.johnsnowlabs.com/clinical/models/ner_events_clinical_en_2.5.5_2.4_1597775531760.zip,ner_events_clinical_en_2.5.5_2.4_1597775531760.zip,embeddings_clinical,NerDLModel,"CLINICAL_DEPT,DATE,DURATION,EVIDENTIAL,FREQUENCY,OCCURRENCE,PROBLEM,TEST,TIME,TREATMENT",https://portal.dbmi.hms.harvard.edu/projects/n2c2-nlp/,John Snow Labs,"clinical,ner,events,en",Licensed ,Healthcare,,Trained on i2b2 events data with `clinical_embeddings`,Pretrained named entity recognition deep learning model for clinical events.,,,https://colab.research.google.com/github/JohnSnowLabs/spark-nlp-workshop/blob/master/tutorials/Certification_Trainings/Healthcare/1.Clinical_Named_Entity_Recognition_Model.ipynb,False
0,clinical/models,Ner DL Model Events `embeddings_healthcare`,ner_events_healthcare,en,2.6.0,2.4,2020-09-23,1600849907632,s3,https://s3.amazonaws.com/auxdata.johnsnowlabs.com/clinical/models/ner_events_healthcare_en_2.6.0_2.4_1600849907632.zip,ner_events_healthcare_en_2.6.0_2.4_1600849907632.zip,embeddings_healthcare_100d,NerDLModel,"CLINICAL_DEPT,DATE,DURATION,EVIDENTIAL,FREQUENCY,OCCURRENCE,PROBLEM,TEST,TIME,TREATMENT",,John Snow Labs,"clinical,ner,events,en",Licensed ,Healthcare,,"Trained on 2010 i2b2/VA challenge on concepts, assertions, and relations in clinical text with `embeddings_healthcare_100d`",,,,,
1,clinical/models,w2v_cc_300d,ner_healthcare,de,2.5.5,2.4,2020-09-06,1599433028253,s3,https://s3.amazonaws.com/auxdata.johnsnowlabs.com/clinical/models/ner_healthcare_de_2.5.5_2.4_1599433028253.zip,ner_healthcare_de_2.5.5_2.4_1599433028253.zip,FILLUP,NerDLModel,"BIOLOGICAL_CHEMISTRY,BIOLOGICAL_PARAMETER,BODY_FLUID,BODY_PART,DEGREE,DIAGLAB_PROCEDURE,DOSING,LOCAL_SPECIFICATION,MEASUREMENT,MEDICAL_CONDITION,MEDICAL_DEVICE,MEDICAL_SPECIFICATION,MEDICATION,PERSON,PROCESS,STATE_OF_HEALTH,TIME_INFORMATION,TISSUE,TREATMENT",,John Snow Labs,"clinical,ner,events,de",Licensed ,Healthcare,,"Trained on 2010 i2b2/VA challenge on concepts, assertions, and relations in clinical text with `w2v_cc_300d`",,,,https://colab.research.google.com/github/JohnSnowLabs/spark-nlp-workshop/blob/master/tutorials/Certification_Trainings/Healthcare/14.German_Healthcare_Models.ipynb,
0,clinical/models,Ner DL Model Healthcare,ner_healthcare,en,2.4.4,2.4,2020-09-23,1600849764614,s3,https://s3.amazonaws.com/auxdata.johnsnowlabs.com/clinical/models/ner_healthcare_en_2.6.0_2.4_1600849764614.zip,ner_healthcare_en_2.6.0_2.4_1600849764614.zip,FILLUP,NerDLModel,"PROBLEM,TEST,TREATMENT",,John Snow Labs,"clinical,ner,events,en",Licensed ,Healthcare,,"Trained on 2010 i2b2/VA challenge on concepts, assertions, and relations in clinical text with `embeddings_healthcare_100d`",Pretrained named entity recognition deep learning model for healthcare.,,,https://colab.research.google.com/github/JohnSnowLabs/spark-nlp-workshop/blob/master/tutorials/Certification_Trainings/Healthcare/1.Clinical_Named_Entity_Recognition_Model.ipynb,False
1,clinical/models,Ner DL Model Phenotype / Gene,ner_human_phenotype_gene_clinical,en,2.5.5,2.4,2020-08-27,1598558253840,s3,https://s3.amazonaws.com/auxdata.johnsnowlabs.com/clinical/models/ner_human_phenotype_gene_clinical_en_2.5.5_2.4_1598558253840.zip,ner_human_phenotype_gene_clinical_en_2.5.5_2.4_1598558253840.zip,embeddings_clinical,NerDLModel,"GENE,HP",,John Snow Labs,"clinical,ner,phenotype,en",Licensed ,Healthcare,,,,,,,
1,clinical/models,Ner DL Model Healthcare,ner_human_phenotype_go_clinical,en,2.5.5,2.4,2020-08-27,1598558398770,s3,https://s3.amazonaws.com/auxdata.johnsnowlabs.com/clinical/models/ner_human_phenotype_go_clinical_en_2.5.5_2.4_1598558398770.zip,ner_human_phenotype_go_clinical_en_2.5.5_2.4_1598558398770.zip,embeddings_clinical,NerDLModel,"GO,HP",,John Snow Labs,"clinical,ner,phenotype,en",Licensed ,Healthcare,,,,,,,
1,clinical/models,Ner DL Model,ner_jsl,en,2.4.2,2.4,2020-04-21,1587513304751,s3,https://s3.amazonaws.com/auxdata.johnsnowlabs.com/clinical/models/ner_jsl_en_2.4.2_2.4_1587513304751.zip,ner_jsl_en_2.4.2_2.4_1587513304751.zip,embeddings_clinical,NerDLModel,"Age,Allergenic_substance,Blood_Pressure,Causative_Agents_(Virus_and_Bacteria),Cause_of_death,Date_of_death,Diagnosis,Dosage,Drug_Name,Drug_incident_description,Frequency,Gender,Lab_Name,Lab_Result,Maybe,Modifier,Name,Negated,Negation,O2_Saturation,Procedure,Procedure_Findings,Procedure_Name,Procedure_incident_description,Pulse_Rate,Respiratory_Rate,Route,Section_Name,Substance_Name,Symptom_Name,Temperature,Weight",https://www.johnsnowlabs.com/data/,John Snow Labs,"clinical,ner,generic,en",Licensed ,Healthcare,,Trained on data gathered and manually annotated by John Snow Labs,Pretrained named entity recognition deep learning model for clinical terminology.,,,https://colab.research.google.com/github/JohnSnowLabs/spark-nlp-workshop/blob/master/tutorials/Certification_Trainings/Healthcare/1.Clinical_Named_Entity_Recognition_Model.ipynb,False
1,clinical/models,Ner DL Model Enriched,ner_jsl_enriched,en,2.4.2,2.4,2020-04-21,1587513303751,s3,https://s3.amazonaws.com/auxdata.johnsnowlabs.com/clinical/models/ner_jsl_enriched_en_2.4.2_2.4_1587513303751.zip,ner_jsl_enriched_en_2.4.2_2.4_1587513303751.zip,embeddings_clinical,NerDLModel,"Age,Allergenic_substance,Blood_Pressure,Causative_Agents_(Virus_and_Bacteria),Diagnosis,Dosage,Drug_Name,Frequency,Gender,Lab_Name,Lab_Result,Maybe,Modifier,Name,Negation,O2_Saturation,Procedure,Procedure_Name,Pulse_Rate,Respiratory_Rate,Route,Section_Name,Substance_Name,Symptom_Name,Temperature,Weight",https://www.johnsnowlabs.com/data/,John Snow Labs,"clinical,ner,generic,en",Licensed ,Healthcare,,Trained on data gathered and manually annotated by John Snow Labs,Pretrained named entity recognition deep learning model for clinical terminology.,,,https://colab.research.google.com/github/JohnSnowLabs/spark-nlp-workshop/blob/master/tutorials/Certification_Trainings/Healthcare/1.Clinical_Named_Entity_Recognition_Model.ipynb,False
1,clinical/models,Ner DL Model Clinical (Large),ner_large_clinical,en,2.5.0,2.4,2020-05-21,1590021302624,s3,https://s3.amazonaws.com/auxdata.johnsnowlabs.com/clinical/models/ner_large_clinical_en_2.5.0_2.4_1590021302624.zip,ner_large_clinical_en_2.5.0_2.4_1590021302624.zip,embeddings_clinical,NerDLModel,"PROBLEM,TEST,TREATMENT",https://www.johnsnowlabs.com/data/,John Snow Labs,"clinical,ner,generic,large,en",Licensed ,Healthcare,,Trained on data gathered and manually annotated by John Snow Labs,,,,,
1,clinical/models,NER DL Model Legal,ner_legal,de,2.5.5,2.4,2020-09-07,1599471454959,s3,https://s3.amazonaws.com/auxdata.johnsnowlabs.com/clinical/models/ner_legal_de_2.5.5_2.4_1599471454959.zip,ner_legal_de_2.5.5_2.4_1599471454959.zip,embeddings_clinical,NerDLModel,"AN,EUN,GRT,GS,INN,LD,LDS,LIT,MRK,ORG,PER,RR,RS,ST,STR,UN,VO,VS,VT",,John Snow Labs,"legal,ner,de",Licensed ,Legal,,,,,,https://colab.research.google.com/github/JohnSnowLabs/spark-nlp-workshop/blob/master/tutorials/Certification_Trainings/Healthcare/15.German_Legal_Model.ipynb,
0,clinical/models,,ner_medmentions_coarse,en,2.5.0,2.4,2020-05-23,1590265407598,s3,https://s3.amazonaws.com/auxdata.johnsnowlabs.com/clinical/models/ner_medmentions_coarse_en_2.5.0_2.4_1590265407598.zip,ner_medmentions_coarse_en_2.5.0_2.4_1590265407598.zip,embeddings_clinical,NerDLModel,"Amino_Acid,_Peptide,_or_Protein,Anatomical_Structure,Biologic_Function,Biomedical_or_Dental_Material,Body_Location_or_Region,Body_Part,_Organ,_or_Organ_Component,Body_Substance,Body_System,Cell,Cell_Component,Chemical,Clinical_Attribute,Daily_or_Recreational_Activity,Diagnostic_Procedure,Disease_or_Syndrome,Eukaryote,Food,Fungus,Gene_or_Genome,Genetic_Function,Geographic_Area,Group,Health_Care_Activity,Indicator,_Reagent,_or_Diagnostic_Aid,Injury_or_Poisoning,Laboratory_Procedure,Mammal,Manufactured_Object,Medical_Device,Mental_Process,Mental_or_Behavioral_Dysfunction,Molecular_Biology_Research_Technique,Molecular_Function,Neoplastic_Process,Nucleic_Acid,_Nucleoside,_or_Nucleotide,Nucleotide_Sequence,Organic_Chemical,Organism_Attribute,Organization,Pathologic_Function,Pharmacologic_Substance,Plant,Population_Group,Professional_or_Occupational_Group,Prokaryote,Qualitative_Concept,Quantitative_Concept,Research_Activity,Sign_or_Symptom,Spatial_Concept,Substance,Therapeutic_or_Preventive_Procedure,Tissue,Virus",,John Snow Labs,,Licensed ,Healthcare,,Trained on MedMentions dataset,,,,,
1,clinical/models,Neoplasms NER,ner_neoplasms,es,2.5.3,2.4,2020-07-08,1594168624415,s3,https://s3.amazonaws.com/auxdata.johnsnowlabs.com/clinical/models/ner_neoplasms_es_2.5.3_2.4_1594168624415.zip,ner_neoplasms_es_2.5.3_2.4_1594168624415.zip,embeddings_scielowiki_300d,NerDLModel,MORFOLOGIA_NEOPLASIA,https://temu.bsc.es/cantemist/,John Snow Labs,"clinical,ner,cantemist,es",Licensed ,Healthcare,,Named Entity Recognition model for Neoplasic Morphology,"Neoplasms NER is a Named Entity Recognition model that annotates text to find references to tumors. The only entity it annotates is MalignantNeoplasm. Neoplasms NER is trained with the 'embeddings_scielowiki_300d' word embeddings model, so be sure to use the same embeddings in the pipeline.",,,,False
1,clinical/models,Ner DL Model Posology,ner_posology,en,2.4.2,2.4,2020-03-17,1584452534235,s3,https://s3.amazonaws.com/auxdata.johnsnowlabs.com/clinical/models/ner_posology_en_2.4.4_2.4_1584452534235.zip,ner_posology_en_2.4.4_2.4_1584452534235.zip,embeddings_clinical,NerDLModel,"DOSAGE,DRUG,DURATION,FORM,FREQUENCY,ROUTE,STRENGTH",https://open.fda.gov/,John Snow Labs,"clinical,ner,dl,drugs,fda,en",Licensed ,Healthcare,,Trained on the 2018 i2b2 dataset and FDA Drug datasets with `embeddings_clinical`.,"Pretrained named entity recognition deep learning model for posology, this NER is trained with the 'embeddings_clinical' word embeddings model, so be sure to use the same embeddings in the pipeline",,,https://colab.research.google.com/github/JohnSnowLabs/spark-nlp-workshop/blob/master/tutorials/Certification_Trainings/Healthcare/1.Clinical_Named_Entity_Recognition_Model.ipynb,False
0,clinical/models,,ner_posology_healthcare,en,2.6.0,2.4,2020-09-23,1600849852424,s3,https://s3.amazonaws.com/auxdata.johnsnowlabs.com/clinical/models/ner_posology_healthcare_en_2.6.0_2.4_1600849852424.zip,ner_posology_healthcare_en_2.6.0_2.4_1600849852424.zip,embeddings_healthcare,NerDLModel,"Dosage,Drug,Duration,Form,Frequency,Route,Strength",https://open.fda.gov/,John Snow Labs,"clinical,ner,drugs,fda,healthcare,en",Licensed ,Healthcare,,Trained on the 2018 i2b2 dataset and FDA Drug datasets with `embeddings_healthcare_100d`.,"Pretrained named entity recognition deep learning model for posology, this NER is trained with the 'embeddings_healthcare' word embeddings model, so be sure to use the same embeddings in the pipeline",,,,
1,clinical/models,Ner DL Model Posology Large,ner_posology_large,en,2.4.2,2.4,2020-04-21,1587513302751,s3,https://s3.amazonaws.com/auxdata.johnsnowlabs.com/clinical/models/ner_posology_large_en_2.4.2_2.4_1587513302751.zip,ner_posology_large_en_2.4.2_2.4_1587513302751.zip,embeddings_clinical,NerDLModel,"DOSAGE,DRUG,DURATION,FORM,FREQUENCY,ROUTE,STRENGTH",https://open.fda.gov/,John Snow Labs,"clinical,ner,drugs,fda,large,en",Licensed ,Healthcare,,Trained on the 2018 i2b2 dataset and FDA Drug datasets with `embeddings_clinical`.,"Pretrained named entity recognition deep learning model for posology, this NER is trained with the 'embeddings_clinical' word embeddings model, so be sure to use the same embeddings in the pipeline",,,https://colab.research.google.com/github/JohnSnowLabs/spark-nlp-workshop/blob/master/tutorials/Certification_Trainings/Healthcare/1.Clinical_Named_Entity_Recognition_Model.ipynb,False
1,clinical/models,Ner DL Model Posology Small,ner_posology_small,en,2.4.2,2.4,2020-04-21,1587513301751,s3,https://s3.amazonaws.com/auxdata.johnsnowlabs.com/clinical/models/ner_posology_small_en_2.4.2_2.4_1587513301751.zip,ner_posology_small_en_2.4.2_2.4_1587513301751.zip,embeddings_clinical,NerDLModel,"DOSAGE,DRUG,DURATION,FORM,FREQUENCY,ROUTE,STRENGTH",https://www.i2b2.org/NLP/Medication,John Snow Labs,"clinical,ner,drugs,fda,small,en",Licensed ,Healthcare,,Trained on the 2018 i2b2 dataset (no FDA) with `embeddings_clinical`.,"Pretrained named entity recognition deep learning model for posology, this NER is trained with the 'embeddings_clinical' word embeddings model, so be sure to use the same embeddings in the pipeline",,,https://colab.research.google.com/github/JohnSnowLabs/spark-nlp-workshop/blob/master/tutorials/Certification_Trainings/Healthcare/1.Clinical_Named_Entity_Recognition_Model.ipynb,False
1,clinical/models,Ner DL Model Risk Factors,ner_risk_factors,en,2.4.2,2.4,2020-04-21,1587513300751,s3,https://s3.amazonaws.com/auxdata.johnsnowlabs.com/clinical/models/ner_risk_factors_en_2.4.2_2.4_1587513300751.zip,ner_risk_factors_en_2.4.2_2.4_1587513300751.zip,embeddings_clinical,NerDLModel,"CAD,DIABETES,FAMILY_HIST,HYPERLIPIDEMIA,HYPERTENSION,MEDICATION,OBESE,PHI,SMOKER",https://portal.dbmi.hms.harvard.edu/projects/n2c2-2014/,John Snow Labs,"clinical,ner,risk,factors,en",Licensed ,Healthcare,,Trained on plain n2c2 2014: De-identification and Heart Disease Risk Factors Challenge datasets with `embeddings_clinical`,Pretrained named entity recognition deep learning model for Heart Disease Risk Factors and Personal Health Information.,,,https://colab.research.google.com/github/JohnSnowLabs/spark-nlp-workshop/blob/master/tutorials/Certification_Trainings/Healthcare/1.Clinical_Named_Entity_Recognition_Model.ipynb,False
1,clinical/models,POS Tagger Clinical,pos_clinical,en,2.0.2,2.4,2019-04-30,1556660550177,s3,https://s3.amazonaws.com/auxdata.johnsnowlabs.com/clinical/models/pos_clinical_en_2.0.2_2.4_1556660550177.zip,pos_clinical_en_2.0.2_2.4_1556660550177.zip,embeddings_clinical,PerceptronModel,,,John Snow Labs,"clinical,pos,medpost,en",Licensed ,Healthcare,,Trained with MedPost dataset,,,,,
0,clinical/models,,ppl_posology_rxnorm,en,2.5.3,2.4,2020-08-05,1596638834463,s3,https://s3.amazonaws.com/auxdata.johnsnowlabs.com/clinical/models/ppl_posology_rxnorm_en_2.5.3_2.4_1596638834463.zip,ppl_posology_rxnorm_en_2.5.3_2.4_1596638834463.zip,,PipelineModel,,FILLUP,John Snow Labs,FILLUP,Licensed ,Healthcare,,FILLUP,,,,,
0,clinical/models,,re_chemprot_clinical,en,2.5.5,2.4,2020-09-04,1599250496881,s3,https://s3.amazonaws.com/auxdata.johnsnowlabs.com/clinical/models/re_chemprot_clinical_en_2.5.5_2.4_1599250496881.zip,re_chemprot_clinical_en_2.5.5_2.4_1599250496881.zip,embeddings_clinical,RelationExtractionModel,,,John Snow Labs,,Licensed ,Healthcare,,Trained on data gathered and manually annotated by John Snow Labs,,,,,
1,clinical/models,Relation Extraction Model Clinical,re_clinical,en,2.5.5,2.4,2020-09-24,1600987935304,s3,https://s3.amazonaws.com/auxdata.johnsnowlabs.com/clinical/models/re_clinical_en_2.5.5_2.4_1600987935304.zip,re_clinical_en_2.5.5_2.4_1600987935304.zip,embeddings_clinical,RelationExtractionModel,"TrIP (improved), TrWP (worsened), TrCP (caused problem), TrAP (administered), TrNAP (avoided), TeRP (revealed problem), TeCP (investigate problem), PIP (problems related)",https://portal.dbmi.hms.harvard.edu/projects/n2c2-nlp/,John Snow Labs,"clinical,relation,extraction,en",Licensed ,Healthcare,,Trained on data gathered and manually annotated by John Snow Labs,Models the set of clinical relations defined in the 2010 i2b2 relation challenge.,,,https://colab.research.google.com/github/JohnSnowLabs/spark-nlp-workshop/blob/master/tutorials/Certification_Trainings/Healthcare/10.Clinical_Relation_Extraction.ipynb,False
1,clinical/models,Relation Extraction Model Clinical,re_drug_drug_interaction_clinical,en,2.5.5,2.4,2020-09-03,1599156924424,s3,https://s3.amazonaws.com/auxdata.johnsnowlabs.com/clinical/models/re_drug_drug_interaction_clinical_en_2.5.5_2.4_1599156924424.zip,re_drug_drug_interaction_clinical_en_2.5.5_2.4_1599156924424.zip,embeddings_clinical,RelationExtractionModel,,,John Snow Labs,"clinical,relation,extraction,drug,en",Licensed ,Healthcare,,Trained on data gathered and manually annotated by John Snow Labs,,,,https://colab.research.google.com/github/JohnSnowLabs/spark-nlp-workshop/blob/master/tutorials/Certification_Trainings/Healthcare/10.Clinical_Relation_Extraction.ipynb,False
1,clinical/models,Relation Extraction Model Clinical,re_human_phenotype_gene_clinical,en,2.5.5,2.4,2020-08-27,1598560152543,s3,https://s3.amazonaws.com/auxdata.johnsnowlabs.com/clinical/models/re_human_phenotype_gene_clinical_en_2.5.5_2.4_1598560152543.zip,re_human_phenotype_gene_clinical_en_2.5.5_2.4_1598560152543.zip,embeddings_clinical,RelationExtractionModel,,,John Snow Labs,"clinical,relation,extraction,phenotype,en",Licensed ,Healthcare,,Trained on data gathered and manually annotated by John Snow Labs,,,,https://colab.research.google.com/github/JohnSnowLabs/spark-nlp-workshop/blob/master/tutorials/Certification_Trainings/Healthcare/10.Clinical_Relation_Extraction.ipynb,False
1,clinical/models,Relation Extraction Model Clinical,re_temporal_events_clinical,en,2.5.5,2.4,2020-08-18,1597774124917,s3,https://s3.amazonaws.com/auxdata.johnsnowlabs.com/clinical/models/re_temporal_events_clinical_en_2.5.5_2.4_1597774124917.zip,re_temporal_events_clinical_en_2.5.5_2.4_1597774124917.zip,embeddings_clinical,RelationExtractionModel,"TrIP (improved), TrWP (worsened), TrCP (caused problem), TrAP (administered), TrNAP (avoided), TeRP (revealed problem), TeCP (investigate problem), PIP (problems related)",https://portal.dbmi.hms.harvard.edu/projects/n2c2-nlp/,John Snow Labs,"clinical,events,relation,extraction,temporal,en",Licensed ,Healthcare,,Trained on data gathered and manually annotated by John Snow Labs,,,,https://colab.research.google.com/github/JohnSnowLabs/spark-nlp-workshop/blob/master/tutorials/Certification_Trainings/Healthcare/10.Clinical_Relation_Extraction.ipynb,False
1,clinical/models,Relation Extraction Model Clinical,re_temporal_events_enriched_clinical,en,2.5.5,2.4,2020-08-18,1597775105767,s3,https://s3.amazonaws.com/auxdata.johnsnowlabs.com/clinical/models/re_temporal_events_enriched_clinical_en_2.5.5_2.4_1597775105767.zip,re_temporal_events_enriched_clinical_en_2.5.5_2.4_1597775105767.zip,embeddings_clinical,RelationExtractionModel,"Extracts: Temporal relations (BEFORE, AFTER, SIMULTANEOUS, BEGUN_BY, ENDED_BY, DURING, BEFORE_OVERLAP) between clinical events (`ner_events_clinical`)",https://portal.dbmi.hms.harvard.edu/projects/n2c2-nlp/,John Snow Labs,"clinical,events,relation,extraction,temporal,en",Licensed ,Healthcare,,Trained on data gathered and manually annotated by John Snow Labs,,,,https://colab.research.google.com/github/JohnSnowLabs/spark-nlp-workshop/blob/master/tutorials/Certification_Trainings/Healthcare/10.Clinical_Relation_Extraction.ipynb,False
0,clinical/models,,recognize_entities_posology,en,2.5.5,2.4,2020-08-19,1597846280279,s3,https://s3.amazonaws.com/auxdata.johnsnowlabs.com/clinical/models/recognize_entities_posology_en_2.5.5_2.4_1597846280279.zip,recognize_entities_posology_en_2.5.5_2.4_1597846280279.zip,,PipelineModel,FILLUP,FILLUP,John Snow Labs,"clinical,relation,extraction,en",Licensed ,Healthcare,,FILLUP,,,,,
0,clinical/models,Deep Sentence Detector,sentence_detector_dl,en,2.6.0,2.4,2020-09-13,1600002888450,s3,https://s3.amazonaws.com/auxdata.johnsnowlabs.com/clinical/models/sentence_detector_dl_en_2.6.0_2.4_1600002888450.zip,sentence_detector_dl_en_2.6.0_2.4_1600002888450.zip,,DeepSentenceDetector,,https://github.com/dbmdz/deep-eos,John Snow Labs,"clinical,sentence_detection,dl,en",Licensed ,Healthcare,,Please visit the [repo](https://github.com/dbmdz/deep-eos) for more information,,,,,
0,clinical/models,Deep Sentence Detector Multilingual,sentence_detector_dl,xx,2.6.0,2.4,2020-09-14,1600092755641,s3,https://s3.amazonaws.com/auxdata.johnsnowlabs.com/clinical/models/sentence_detector_dl_xx_2.6.0_2.4_1600092755641.zip,sentence_detector_dl_xx_2.6.0_2.4_1600092755641.zip,,DeepSentenceDetector,,https://github.com/dbmdz/deep-eos,John Snow Labs,"clinical,sentence_detection,dl.multilingual,xx",Licensed ,Healthcare,,Please visit the [repo](https://github.com/dbmdz/deep-eos) for more information,,,,,
0,clinical/models,Deep Sentence Detector Healthcare,sentence_detector_dl_healthcare,en,2.6.0,2.4,2020-09-13,1600001082565,s3,https://s3.amazonaws.com/auxdata.johnsnowlabs.com/clinical/models/sentence_detector_dl_healthcare_en_2.6.0_2.4_1600001082565.zip,sentence_detector_dl_healthcare_en_2.6.0_2.4_1600001082565.zip,,DeepSentenceDetector,,https://github.com/dbmdz/deep-eos,John Snow Labs,"clinical,sentence_detection,dl,en",Licensed ,Healthcare,,Please visit the [repo](https://github.com/dbmdz/deep-eos) for more information,,,,,
1,clinical/models,Contextual Spellchecker Clinical,spellcheck_clinical,en,2.4.2,2.4,2020-04-17,1587146727460,s3,https://s3.amazonaws.com/auxdata.johnsnowlabs.com/clinical/models/spellcheck_clinical_en_2.4.2_2.4_1587146727460.zip,spellcheck_clinical_en_2.4.2_2.4_1587146727460.zip,embeddings_clinical,ContextSpellCheckerModel,,,John Snow Labs,"clinical,spellcheck,dl,contextual,en",Licensed ,Healthcare,,Trained with PubMed and i2b2 datasets,,,,https://colab.research.google.com/github/JohnSnowLabs/spark-nlp-workshop/blob/master/tutorials/Certification_Trainings/Healthcare/6.Clinical_Context_Spell_Checker.ipynb,
0,clinical/models,,textmatch_cpt_token,en,2.4.0,2.4,2020-04-21,1587495106014,s3,https://s3.amazonaws.com/auxdata.johnsnowlabs.com/clinical/models/textmatch_cpt_token_en_2.4.5_2.4_1587495106014.zip,textmatch_cpt_token_en_2.4.5_2.4_1587495106014.zip,,TextMatcherModel,,,John Snow Labs,"clinical,ner,trie,match,cpt,en",Licensed ,Healthcare,,Trained on NER Synonym Augmented Procedural Terminology bigram tokens combined up to a window of one,,,,,
0,clinical/models,,textmatch_icdo_ner,en,2.4.0,2.4,2020-04-21,1587495006987,s3,https://s3.amazonaws.com/auxdata.johnsnowlabs.com/clinical/models/textmatch_icdo_ner_en_2.4.5_2.4_1587495006987.zip,textmatch_icdo_ner_en_2.4.5_2.4_1587495006987.zip,,TextMatcherModel,,,John Snow Labs,"clinical,ner,trie,match,icdo,en",Licensed ,Healthcare,,Trained on NER Synonym Augmented ICD Histology Behaviour bigram tokens up to a window of four,,,,,
1,clinical/models,Fastext Word Embeddings in German,w2v_cc_300d,de,2.5.5,2.4,2020-09-06,1599428063692,s3,https://s3.amazonaws.com/auxdata.johnsnowlabs.com/clinical/models/w2v_cc_300d_de_2.5.5_2.4_1599428063692.zip,w2v_cc_300d_de_2.5.5_2.4_1599428063692.zip,,WordEmbeddingsModel,Word2Vec feature vectors based on w2v_cc_300d,https://fasttext.cc/docs/en/crawl-vectors.html,John Snow Labs,,Licensed ,Healthcare,300,FastText common crawl word embeddings for Germany,,,,https://colab.research.google.com/github/JohnSnowLabs/spark-nlp-workshop/blob/master/tutorials/Certification_Trainings/Healthcare/14.German_Healthcare_Models.ipynb,
